invoiceId,previousInvoiceId,billingAccountId,billingAccountName,billingProfileId,billingProfileName,invoiceSectionId,invoiceSectionName,resellerName,resellerMpnId,costCenter,billingPeriodEndDate,billingPeriodStartDate,servicePeriodEndDate,servicePeriodStartDate,date,serviceFamily,productOrderId,productOrderName,consumedService,meterId,meterName,meterCategory,meterSubCategory,meterRegion,ProductId,ProductName,SubscriptionId,subscriptionName,publisherType,publisherId,publisherName,resourceGroupName,ResourceId,resourceLocation,location,effectivePrice,quantity,unitOfMeasure,chargeType,billingCurrency,pricingCurrency,costInBillingCurrency,costInPricingCurrency,costInUsd,paygCostInBillingCurrency,paygCostInUsd,exchangeRatePricingToBilling,exchangeRateDate,isAzureCreditEligible,serviceInfo1,serviceInfo2,additionalInfo,tags,PayGPrice,frequency,term,reservationId,reservationName,pricingModel,unitPrice,costAllocationRuleName,benefitId,benefitName,provider
,,23daa3d2-aa92-586f-272b-48275276e77b,Sameer,ENPW-W6U2-BG7-PGB,Sameer Ali,8374da0f-43ff-4368-a294-2291e18a57a9,Sameer Ali,,,,,,10/01/2026,09/01/2026,09/10/2026,Compute,a6ef7f43-9e08-4534-c153-4ef8bc5a487d,Azure plan,microsoft.web,a90aec9f-eecb-42c7-8421-9b96716996dc,F1 App,Azure App Service,Azure App Service Free Plan - Linux,,DZH318Z0C1K20001,Azure App Service Free Plan - Linux - F1,81fcedaf-037f-4579-a70a-489ec221e86e,Azure for Students,Microsoft,,Microsoft,rg-idp-pipeline-dev,/subscriptions/81fcedaf-037f-4579-a70a-489ec221e86e/resourcegroups/rg-idp-pipeline-dev/providers/microsoft.web/sites/func-idp-api-6413,centralindia,IN Central,0,0.032256000000000014,1 Hour,Usage,USD,USD,0,0,0,0,0,1,09/01/2026,True,,,"{""AppServicePlanUri"":""/subscriptions/81fcedaf-037f-4579-a70a-489ec221e86e/resourcegroups/rg-idp-pipeline-dev/providers/microsoft.web/serverfarms/centralindialinuxdynamicplan""}",,0,UsageBased,,,,OnDemand,0,,,,Azure
,,23daa3d2-aa92-586f-272b-48275276e77b,Sameer,ENPW-W6U2-BG7-PGB,Sameer Ali,8374da0f-43ff-4368-a294-2291e18a57a9,Sameer Ali,,,,,,10/01/2026,09/01/2026,09/11/2026,Compute,a6ef7f43-9e08-4534-c153-4ef8bc5a487d,Azure plan,microsoft.web,a90aec9f-eecb-42c7-8421-9b96716996dc,F1 App,Azure App Service,Azure App Service Free Plan - Linux,,DZH318Z0C1K20001,Azure App Service Free Plan - Linux - F1,81fcedaf-037f-4579-a70a-489ec221e86e,Azure for Students,Microsoft,,Microsoft,rg-idp-pipeline-dev,/subscriptions/81fcedaf-037f-4579-a70a-489ec221e86e/resourcegroups/rg-idp-pipeline-dev/providers/microsoft.web/sites/func-idp-api-6413,centralindia,IN Central,0,0.002688,1 Hour,Usage,USD,USD,0,0,0,0,0,1,09/01/2026,True,,,"{""AppServicePlanUri"":""/subscriptions/81fcedaf-037f-4579-a70a-489ec221e86e/resourcegroups/rg-idp-pipeline-dev/providers/microsoft.web/serverfarms/centralindialinuxdynamicplan""}",,0,UsageBased,,,,OnDemand,0,,,,Azure
,,23daa3d2-aa92-586f-272b-48275276e77b,Sameer,ENPW-W6U2-BG7-PGB,Sameer Ali,8374da0f-43ff-4368-a294-2291e18a57a9,Sameer Ali,,,,,,10/01/2026,09/01/2026,09/11/2026,Storage,a6ef7f43-9e08-4534-c153-4ef8bc5a487d,Azure plan,Microsoft.Storage,67a3a3fd-826f-42c1-8843-bffa14f0da13,Hot LRS Data Stored - Free,Storage,Blob Storage,,DZH318Z0BNZJ00GG,Blob Storage - Hot LRS,81fcedaf-037f-4579-a70a-489ec221e86e,Azure for Students,Microsoft,,Microsoft,rg-idp-pipeline-dev,/subscriptions/81fcedaf-037f-4579-a70a-489ec221e86e/resourceGroups/rg-idp-pipeline-dev/providers/Microsoft.Storage/storageAccounts/stidpdevgf9uc,centralindia,IN Central,0,0.000052,1 GB/Month,Usage,USD,USD,0,0,0,0,0,1,09/01/2026,True,,,"{""ConsumptionMeter"":""5c7a80d0-80f2-45f7-9135-4b4ac42adf49""}",,0,UsageBased,,,,OnDemand,0,,,,Azure
,,23daa3d2-aa92-586f-272b-48275276e77b,Sameer,ENPW-W6U2-BG7-PGB,Sameer Ali,8374da0f-43ff-4368-a294-2291e18a57a9,Sameer Ali,,,,,,10/01/2026,09/01/2026,09/11/2026,Storage,a6ef7f43-9e08-4534-c153-4ef8bc5a487d,Azure plan,Microsoft.Compute,ed9e91d2-0f0c-4d55-b3dd-7f69d4708b22,P4 LRS Disk,Storage,Premium SSD Managed Disks,IN Central,DZH318Z0BP04003T,Premium SSD Managed Disks - P4 - IN Central,81fcedaf-037f-4579-a70a-489ec221e86e,Azure for Students,Microsoft,,Microsoft,SAMEER-TESTINGS,/subscriptions/81fcedaf-037f-4579-a70a-489ec221e86e/resourceGroups/SAMEER-TESTINGS/providers/Microsoft.Compute/disks/sameerVM_OsDisk_1_34496e81641c426abc951e9bda5e0a60,centralindia,IN Central,5.2795,0.004167000000000001,1/Month,Usage,USD,USD,0.0219996765,0.0219996765,0.0219996765,0.0219996765,0.0219996765,1,09/01/2026,True,,,,,5.2795,UsageBased,,,,OnDemand,5.2795,,,,Azure
,,23daa3d2-aa92-586f-272b-48275276e77b,Sameer,ENPW-W6U2-BG7-PGB,Sameer Ali,8374da0f-43ff-4368-a294-2291e18a57a9,Sameer Ali,,,,,,10/01/2026,09/01/2026,09/10/2026,Compute,a6ef7f43-9e08-4534-c153-4ef8bc5a487d,Azure plan,microsoft.web,a90aec9f-eecb-42c7-8421-9b96716996dc,F1 App,Azure App Service,Azure App Service Free Plan - Linux,,DZH318Z0C1K20001,Azure App Service Free Plan - Linux - F1,81fcedaf-037f-4579-a70a-489ec221e86e,Azure for Students,Microsoft,,Microsoft,hojayega-rg,/subscriptions/81fcedaf-037f-4579-a70a-489ec221e86e/resourcegroups/hojayega-rg/providers/microsoft.web/sites/hojayega-api-v2,centralindia,IN Central,0,0.032256000000000014,1 Hour,Usage,USD,USD,0,0,0,0,0,1,09/01/2026,True,,,"{""AppServicePlanUri"":""/subscriptions/81fcedaf-037f-4579-a70a-489ec221e86e/resourcegroups/hojayega-rg/providers/microsoft.web/serverfarms/hojayega-plan-b1""}",,0,UsageBased,,,,OnDemand,0,,,,Azure
,,23daa3d2-aa92-586f-272b-48275276e77b,Sameer,ENPW-W6U2-BG7-PGB,Sameer Ali,8374da0f-43ff-4368-a294-2291e18a57a9,Sameer Ali,,,,,,10/01/2026,09/01/2026,09/08/2026,Databases,a6ef7f43-9e08-4534-c153-4ef8bc5a487d,Azure plan,microsoft.documentdb,4be20b1b-7130-5853-851a-4665a2c0cbcd,Data Stored,Azure Cosmos DB,Azure Cosmos DB,IN Central,DZH318Z0BPJH010G,Azure Cosmos DB - Free Tier - IN Central,81fcedaf-037f-4579-a70a-489ec221e86e,Azure for Students,Microsoft,,Microsoft,hojayega-rg,/subscriptions/81fcedaf-037f-4579-a70a-489ec221e86e/resourceGroups/hojayega-rg/providers/microsoft.documentdb/databaseaccounts/hojayega-db,centralindia,IN Central,0,0.000003465016682943,1 GB/Month,Usage,USD,USD,0,0,0,0,0,1,09/01/2026,True,,,"{""GlobalDatabaseAccountName"":""hojayega-db"",""CollectionName"":"""",""CollectionRid"":""8AR4AA=="",""DatabaseName"":""hojayega"",""UsageType"":""Storage"",""Region"":""Central India"",""IsColdTierContainer"":""false""}",,0,UsageBased,,,,OnDemand,0,,,,Azure
,,23daa3d2-aa92-586f-272b-48275276e77b,Sameer,ENPW-W6U2-BG7-PGB,Sameer Ali,8374da0f-43ff-4368-a294-2291e18a57a9,Sameer Ali,,,,,,10/01/2026,09/01/2026,09/08/2026,Databases,a6ef7f43-9e08-4534-c153-4ef8bc5a487d,Azure plan,Microsoft.Sql,dd6b69d3-9be0-4a91-abff-2c58bbcafd1d,S0 DTUs - Free,SQL Database,SQL Database Single Standard,,DZH318Z0BQHF01MK,SQL Database Single Standard - S0,81fcedaf-037f-4579-a70a-489ec221e86e,Azure for Students,Microsoft,,Microsoft,rg-idp-pipeline-dev,/subscriptions/81FCEDAF-037F-4579-A70A-489EC221E86E/resourceGroups/rg-idp-pipeline-dev/providers/Microsoft.Sql/servers/sqlsrv-idp-pipeline-dev-gf9uc/databases/sqldb-idp-pipeline-invoices,centralindia,IN Central,0,0.9999999983999996,1/Day,Usage,USD,USD,0,0,0,0,0,1,09/01/2026,True,,,"{""ConsumptionMeter"":""ad4d0278-4c8f-4298-a99b-1952ec4440b9""}",,0,UsageBased,,,,OnDemand,0,,,,Azure
,,23daa3d2-aa92-586f-272b-48275276e77b,Sameer,ENPW-W6U2-BG7-PGB,Sameer Ali,8374da0f-43ff-4368-a294-2291e18a57a9,Sameer Ali,,,,,,10/01/2026,09/01/2026,09/07/2026,Networking,a6ef7f43-9e08-4534-c153-4ef8bc5a487d,Azure plan,microsoft.network,9c150bf9-2bad-430e-a53c-c213804f49ef,Standard IPv4 Static Public IP,Virtual Network,IP Addresses,,DZH318Z0BNXN0033,IP Addresses - Standard IPv4,81fcedaf-037f-4579-a70a-489ec221e86e,Azure for Students,Microsoft,,Microsoft,sameer-testings,/subscriptions/81fcedaf-037f-4579-a70a-489ec221e86e/resourcegroups/sameer-testings/providers/microsoft.network/publicipaddresses/sameervm-ip,centralindia,IN Central,0.005,24,1 Hour,Usage,USD,USD,0.12,0.12,0.12,0.12,0.12,1,09/01/2026,True,,,,,0.005,UsageBased,,,,OnDemand,0.005,,,,Azure
,,23daa3d2-aa92-586f-272b-48275276e77b,Sameer,ENPW-W6U2-BG7-PGB,Sameer Ali,8374da0f-43ff-4368-a294-2291e18a57a9,Sameer Ali,,,,,,10/01/2026,09/01/2026,09/07/2026,Compute,a6ef7f43-9e08-4534-c153-4ef8bc5a487d,Azure plan,microsoft.web,a90aec9f-eecb-42c7-8421-9b96716996dc,F1 App,Azure App Service,Azure App Service Free Plan - Linux,,DZH318Z0C1K20001,Azure App Service Free Plan - Linux - F1,81fcedaf-037f-4579-a70a-489ec221e86e,Azure for Students,Microsoft,,Microsoft,rg-idp-pipeline-dev,/subscriptions/81fcedaf-037f-4579-a70a-489ec221e86e/resourcegroups/rg-idp-pipeline-dev/providers/microsoft.web/sites/func-idp-api-6413,centralindia,IN Central,0,0.032256000000000014,1 Hour,Usage,USD,USD,0,0,0,0,0,1,09/01/2026,True,,,"{""AppServicePlanUri"":""/subscriptions/81fcedaf-037f-4579-a70a-489ec221e86e/resourcegroups/rg-idp-pipeline-dev/providers/microsoft.web/serverfarms/centralindialinuxdynamicplan""}",,0,UsageBased,,,,OnDemand,0,,,,Azure
,,23daa3d2-aa92-586f-272b-48275276e77b,Sameer,ENPW-W6U2-BG7-PGB,Sameer Ali,8374da0f-43ff-4368-a294-2291e18a57a9,Sameer Ali,,,,,,10/01/2026,09/01/2026,09/04/2026,Networking,a6ef7f43-9e08-4534-c153-4ef8bc5a487d,Azure plan,microsoft.compute,0fc067a1-65d2-46da-b24b-7a9cbe2c69bd,Standard Data Transfer Out - Free,Bandwidth,Rtn Preference: MGN,,DZH318Z0BNVX005J,Rtn Preference: MGN,81fcedaf-037f-4579-a70a-489ec221e86e,Azure for Students,Microsoft,,Microsoft,devops,/subscriptions/81fcedaf-037f-4579-a70a-489ec221e86e/resourcegroups/devops/providers/microsoft.compute/virtualmachines/subhan-devops,centralindia,IN Central,0,0.0011820527,1 GB,Usage,USD,USD,0,0,0,0,0,1,09/01/2026,True,,,"{""PlatformType"":""Oro"",""NodeId"":""72f2c6d1-6357-979a-b7f7-1b2125b9eccc"",""NodeIp"":""10.166.92.25"",""ContainerId"":""662451d2-bb62-458e-867a-fb0348b8368d"",""VmName"":""Subhan-DevOps"",""ConsumptionMeter"":""fe167397-a38d-43c3-9bb3-8e2907e56a41""}",,0,UsageBased,,,,OnDemand,0,,,,Azure
,,23daa3d2-aa92-586f-272b-48275276e77b,Sameer,ENPW-W6U2-BG7-PGB,Sameer Ali,8374da0f-43ff-4368-a294-2291e18a57a9,Sameer Ali,,,,,,10/01/2026,09/01/2026,09/04/2026,Networking,a6ef7f43-9e08-4534-c153-4ef8bc5a487d,Azure plan,microsoft.network,9c150bf9-2bad-430e-a53c-c213804f49ef,Standard IPv4 Static Public IP,Virtual Network,IP Addresses,,DZH318Z0BNXN0033,IP Addresses - Standard IPv4,81fcedaf-037f-4579-a70a-489ec221e86e,Azure for Students,Microsoft,,Microsoft,devops,/subscriptions/81fcedaf-037f-4579-a70a-489ec221e86e/resourcegroups/devops/providers/microsoft.network/publicipaddresses/subhan-devops-ip,centralindia,IN Central,0.005,24,1 Hour,Usage,USD,USD,0.12,0.12,0.12,0.12,0.12,1,09/01/2026,True,,,,,0.005,UsageBased,,,,OnDemand,0.005,,,,Azure
,,23daa3d2-aa92-586f-272b-48275276e77b,Sameer,ENPW-W6U2-BG7-PGB,Sameer Ali,8374da0f-43ff-4368-a294-2291e18a57a9,Sameer Ali,,,,,,10/01/2026,09/01/2026,09/06/2026,Analytics,a6ef7f43-9e08-4534-c153-4ef8bc5a487d,Azure plan,Microsoft.SignalRService,799e5620-1547-45f2-96fe-8df86291fd7c,Standard Unit - Free,SignalR,SignalR,,DZH318Z0BP4V0007,SignalR,81fcedaf-037f-4579-a70a-489ec221e86e,Azure for Students,Microsoft,,Microsoft,rg-idp-pipeline-dev,/subscriptions/81fcedaf-037f-4579-a70a-489ec221e86e/resourceGroups/rg-idp-pipeline-dev/providers/Microsoft.SignalRService/SignalR/sigr-idp-pipeline-dev-rt7ez,centralindia,IN Central,0,1,1/Day,Usage,USD,USD,0,0,0,0,0,1,09/01/2026,True,,,,,0,UsageBased,,,,OnDemand,0,,,,Azure
,,23daa3d2-aa92-586f-272b-48275276e77b,Sameer,ENPW-W6U2-BG7-PGB,Sameer Ali,8374da0f-43ff-4368-a294-2291e18a57a9,Sameer Ali,,,,,,10/01/2026,09/01/2026,09/06/2026,Storage,a6ef7f43-9e08-4534-c153-4ef8bc5a487d,Azure plan,Microsoft.Storage,67a3a3fd-826f-42c1-8843-bffa14f0da13,Hot LRS Data Stored - Free,Storage,Blob Storage,,DZH318Z0BNZJ00GG,Blob Storage - Hot LRS,81fcedaf-037f-4579-a70a-489ec221e86e,Azure for Students,Microsoft,,Microsoft,rg-idp-pipeline-dev,/subscriptions/81fcedaf-037f-4579-a70a-489ec221e86e/resourceGroups/rg-idp-pipeline-dev/providers/Microsoft.Storage/storageAccounts/stidpdevgf9uc,centralindia,IN Central,0,0.000624,1 GB/Month,Usage,USD,USD,0,0,0,0,0,1,09/01/2026,True,,,"{""ConsumptionMeter"":""5c7a80d0-80f2-45f7-9135-4b4ac42adf49""}",,0,UsageBased,,,,OnDemand,0,,,,Azure
,,23daa3d2-aa92-586f-272b-48275276e77b,Sameer,ENPW-W6U2-BG7-PGB,Sameer Ali,8374da0f-43ff-4368-a294-2291e18a57a9,Sameer Ali,,,,,,10/01/2026,09/01/2026,09/06/2026,Databases,a6ef7f43-9e08-4534-c153-4ef8bc5a487d,Azure plan,microsoft.documentdb,7f36e57d-5b13-5235-b776-1e54d3417278,100 RU/s,Azure Cosmos DB,Azure Cosmos DB,IN Central,DZH318Z0BPJH010G,Azure Cosmos DB - Free Tier - IN Central,81fcedaf-037f-4579-a70a-489ec221e86e,Azure for Students,Microsoft,,Microsoft,hojayega-rg,/subscriptions/81fcedaf-037f-4579-a70a-489ec221e86e/resourceGroups/hojayega-rg/providers/microsoft.documentdb/databaseaccounts/hojayega-db,centralindia,IN Central,0,240,1/Hour,Usage,USD,USD,0,0,0,0,0,1,09/01/2026,True,,,"{""GlobalDatabaseAccountName"":""hojayega-db"",""CollectionName"":"""",""CollectionRid"":""8AR4AA=="",""DatabaseName"":""hojayega"",""UsageType"":""ProvisioningThroughput"",""Region"":""Central India""}",,0,UsageBased,,,,OnDemand,0,,,,Azure
,,23daa3d2-aa92-586f-272b-48275276e77b,Sameer,ENPW-W6U2-BG7-PGB,Sameer Ali,8374da0f-43ff-4368-a294-2291e18a57a9,Sameer Ali,,,,,,10/01/2026,09/01/2026,09/02/2026,Storage,a6ef7f43-9e08-4534-c153-4ef8bc5a487d,Azure plan,Microsoft.Storage,67a3a3fd-826f-42c1-8843-bffa14f0da13,Hot LRS Data Stored - Free,Storage,Blob Storage,,DZH318Z0BNZJ00GG,Blob Storage - Hot LRS,81fcedaf-037f-4579-a70a-489ec221e86e,Azure for Students,Microsoft,,Microsoft,hojayega-rg,/subscriptions/81fcedaf-037f-4579-a70a-489ec221e86e/resourceGroups/hojayega-rg/providers/Microsoft.Storage/storageAccounts/hojayegastore,centralindia,IN Central,0,0.000024,1 GB/Month,Usage,USD,USD,0,0,0,0,0,1,09/01/2026,True,,,"{""ConsumptionMeter"":""5c7a80d0-80f2-45f7-9135-4b4ac42adf49""}",,0,UsageBased,,,,OnDemand,0,,,,Azure
,,23daa3d2-aa92-586f-272b-48275276e77b,Sameer,ENPW-W6U2-BG7-PGB,Sameer Ali,8374da0f-43ff-4368-a294-2291e18a57a9,Sameer Ali,,,,,,10/01/2026,09/01/2026,09/01/2026,Storage,a6ef7f43-9e08-4534-c153-4ef8bc5a487d,Azure plan,Microsoft.Compute,5909273e-c5d4-41c8-afba-506e73d33ece,E4 LRS Disk,Storage,Standard SSD Managed Disks,IN Central,DZH318Z0BP8800D7,Standard SSD Managed Disks - E4 LRS - IN Central,81fcedaf-037f-4579-a70a-489ec221e86e,Azure for Students,Microsoft,,Microsoft,DEVOPS,/subscriptions/81fcedaf-037f-4579-a70a-489ec221e86e/resourceGroups/DEVOPS/providers/Microsoft.Compute/disks/Subhan-DevOps_OsDisk_1_0a95fa147340450695f88c69134f5dfc,centralindia,IN Central,2.64,0.03333600000000001,1/Month,Usage,USD,USD,0.08800704,0.08800704,0.08800704,0.08800704,0.08800704,1,09/01/2026,True,,,,,2.64,UsageBased,,,,OnDemand,2.64,,,,Azure
,,23daa3d2-aa92-586f-272b-48275276e77b,Sameer,ENPW-W6U2-BG7-PGB,Sameer Ali,8374da0f-43ff-4368-a294-2291e18a57a9,Sameer Ali,,,,,,10/01/2026,09/01/2026,09/09/2026,Compute,a6ef7f43-9e08-4534-c153-4ef8bc5a487d,Azure plan,Microsoft.Compute,5c79f14b-113b-538b-9894-05331c5efc80,B2ats v2 - Free,Virtual Machines,Virtual Machines Basv2 Series,,DZH318Z0K9JH02KS,Virtual Machines Basv2 Series - B2ats v2,81fcedaf-037f-4579-a70a-489ec221e86e,Azure for Students,Microsoft,,Microsoft,SAMEER-TESTINGS,/subscriptions/81fcedaf-037f-4579-a70a-489ec221e86e/resourceGroups/SAMEER-TESTINGS/providers/Microsoft.Compute/virtualMachines/sameerVM,centralindia,IN Central,0,14.816682,1 Hour,Usage,USD,USD,0,0,0,0,0,1,09/01/2026,True,,Canonical,"{""UsageType"":""ComputeHR"",""ImageType"":""Canonical"",""ServiceType"":""Standard_B2ats_v2"",""VMName"":null,""VMProperties"":null,""VCPUs"":1,""ConsumptionMeter"":""a183c6a6-f541-5d9d-867f-6e04c296e421""}",,0,UsageBased,,,,OnDemand,0,,,,Azure
,,23daa3d2-aa92-586f-272b-48275276e77b,Sameer,ENPW-W6U2-BG7-PGB,Sameer Ali,8374da0f-43ff-4368-a294-2291e18a57a9,Sameer Ali,,,,,,10/01/2026,09/01/2026,09/09/2026,Networking,a6ef7f43-9e08-4534-c153-4ef8bc5a487d,Azure plan,microsoft.compute,7910b1eb-292c-4462-92f8-d3c917924591,Inter Continent Data Transfer Out - ASIA To Any,Bandwidth,Bandwidth Inter-Region,Intercontinental,DZH318Z0C5TM0003,Bandwidth Inter-Region - Inter Continent - Intercontinental,81fcedaf-037f-4579-a70a-489ec221e86e,Azure for Students,Microsoft,,Microsoft,devops,/subscriptions/81fcedaf-037f-4579-a70a-489ec221e86e/resourcegroups/devops/providers/microsoft.compute/virtualmachines/subhan-devops,centralindia,IN Central,0,0.000656916759908199,1 GB,Usage,USD,USD,0,0,0,0,0,1,09/01/2026,True,,,"{""PlatformType"":""Oro"",""NodeId"":""16143ac9-3498-4b43-ecd9-efb4ab2448ab"",""NodeIp"":""10.166.92.134"",""ContainerId"":""2ce2573f-bf97-4347-a2e0-93e85f6f2a9e"",""VmName"":""Subhan-DevOps""}",,0,UsageBased,,,,OnDemand,0,,,,Azure
,,23daa3d2-aa92-586f-272b-48275276e77b,Sameer,ENPW-W6U2-BG7-PGB,Sameer Ali,8374da0f-43ff-4368-a294-2291e18a57a9,Sameer Ali,,,,,,10/01/2026,09/01/2026,09/09/2026,Compute,a6ef7f43-9e08-4534-c153-4ef8bc5a487d,Azure plan,Microsoft.Compute,7ad50a1f-8f1e-5557-8662-8103db51af4e,B2ats v2 Spot,Virtual Machines,Virtual Machines Basv2 Series,IN Central,DZH318Z0K9JH01T1,Virtual Machines Basv2 Series - B2ats v2 Spot - IN Central,81fcedaf-037f-4579-a70a-489ec221e86e,Azure for Students,Microsoft,,Microsoft,DEVOPS,/subscriptions/81fcedaf-037f-4579-a70a-489ec221e86e/resourceGroups/DEVOPS/providers/Microsoft.Compute/virtualMachines/Subhan-DevOps,centralindia,IN Central,0.005535,0.8833489999999999,1 Hour,Usage,USD,USD,0.004889336715,0.004889336715,0.004889336715,0.004889336715,0.004889336715,1,09/01/2026,True,,Canonical,"{""UsageType"":""ComputeHR"",""ImageType"":""Canonical"",""ServiceType"":""Standard_B2ats_v2"",""VMName"":null,""VMProperties"":null,""VCPUs"":1,""MaxPrice"":-1}",,0.005535,UsageBased,,,,Spot,0.005535,,,,Azure
,,23daa3d2-aa92-586f-272b-48275276e77b,Sameer,ENPW-W6U2-BG7-PGB,Sameer Ali,8374da0f-43ff-4368-a294-2291e18a57a9,Sameer Ali,,,,,,10/01/2026,09/01/2026,09/05/2026,Databases,a6ef7f43-9e08-4534-c153-4ef8bc5a487d,Azure plan,microsoft.documentdb,4be20b1b-7130-5853-851a-4665a2c0cbcd,Data Stored,Azure Cosmos DB,Azure Cosmos DB,IN Central,DZH318Z0BPJH010G,Azure Cosmos DB - Free Tier - IN Central,81fcedaf-037f-4579-a70a-489ec221e86e,Azure for Students,Microsoft,,Microsoft,hojayega-rg,/subscriptions/81fcedaf-037f-4579-a70a-489ec221e86e/resourceGroups/hojayega-rg/providers/microsoft.documentdb/databaseaccounts/hojayega-db,centralindia,IN Central,0,0.000003465016682943,1 GB/Month,Usage,USD,USD,0,0,0,0,0,1,09/01/2026,True,,,"{""GlobalDatabaseAccountName"":""hojayega-db"",""CollectionName"":"""",""CollectionRid"":""8AR4AA=="",""DatabaseName"":""hojayega"",""UsageType"":""Storage"",""Region"":""Central India"",""IsColdTierContainer"":""false""}",,0,UsageBased,,,,OnDemand,0,,,,Azure
,,23daa3d2-aa92-586f-272b-48275276e77b,Sameer,ENPW-W6U2-BG7-PGB,Sameer Ali,8374da0f-43ff-4368-a294-2291e18a57a9,Sameer Ali,,,,,,10/01/2026,09/01/2026,09/03/2026,Databases,a6ef7f43-9e08-4534-c153-4ef8bc5a487d,Azure plan,Microsoft.Sql,dd6b69d3-9be0-4a91-abff-2c58bbcafd1d,S0 DTUs - Free,SQL Database,SQL Database Single Standard,,DZH318Z0BQHF01MK,SQL Database Single Standard - S0,81fcedaf-037f-4579-a70a-489ec221e86e,Azure for Students,Microsoft,,Microsoft,rg-idp-pipeline-dev,/subscriptions/81FCEDAF-037F-4579-A70A-489EC221E86E/resourceGroups/rg-idp-pipeline-dev/providers/Microsoft.Sql/servers/sqlsrv-idp-pipeline-dev-gf9uc/databases/sqldb-idp-pipeline-invoices,centralindia,IN Central,0,0.9999999983999996,1/Day,Usage,USD,USD,0,0,0,0,0,1,09/01/2026,True,,,"{""ConsumptionMeter"":""ad4d0278-4c8f-4298-a99b-1952ec4440b9""}",,0,UsageBased,,,,OnDemand,0,,,,Azure
,,23daa3d2-aa92-586f-272b-48275276e77b,Sameer,ENPW-W6U2-BG7-PGB,Sameer Ali,8374da0f-43ff-4368-a294-2291e18a57a9,Sameer Ali,,,,,,10/01/2026,09/01/2026,09/03/2026,Compute,a6ef7f43-9e08-4534-c153-4ef8bc5a487d,Azure plan,microsoft.web,a90aec9f-eecb-42c7-8421-9b96716996dc,F1 App,Azure App Service,Azure App Service Free Plan - Linux,,DZH318Z0C1K20001,Azure App Service Free Plan - Linux - F1,81fcedaf-037f-4579-a70a-489ec221e86e,Azure for Students,Microsoft,,Microsoft,hojayega-rg,/subscriptions/81fcedaf-037f-4579-a70a-489ec221e86e/resourcegroups/hojayega-rg/providers/microsoft.web/sites/hojayega-api-v2,centralindia,IN Central,0,0.032256000000000014,1 Hour,Usage,USD,USD,0,0,0,0,0,1,09/01/2026,True,,,"{""AppServicePlanUri"":""/subscriptions/81fcedaf-037f-4579-a70a-489ec221e86e/resourcegroups/hojayega-rg/providers/microsoft.web/serverfarms/hojayega-plan-b1""}",,0,UsageBased,,,,OnDemand,0,,,,Azure
,,23daa3d2-aa92-586f-272b-48275276e77b,Sameer,ENPW-W6U2-BG7-PGB,Sameer Ali,8374da0f-43ff-4368-a294-2291e18a57a9,Sameer Ali,,,,,,10/01/2026,09/01/2026,09/04/2026,Storage,a6ef7f43-9e08-4534-c153-4ef8bc5a487d,Azure plan,Microsoft.Compute,ce957933-8287-4f8b-83ee-53a5cbe056d9,E4 LRS Disk Operations,Storage,Standard SSD Managed Disks,,DZH318Z0BP8800M7,Standard SSD Managed Disks - E4 LRS,81fcedaf-037f-4579-a70a-489ec221e86e,Azure for Students,Microsoft,,Microsoft,DEVOPS,/subscriptions/81fcedaf-037f-4579-a70a-489ec221e86e/resourceGroups/DEVOPS/providers/Microsoft.Compute/disks/Subhan-DevOps_OsDisk_1_0a95fa147340450695f88c69134f5dfc,centralindia,IN Central,0.002,3.8444000000000003,10K,Usage,USD,USD,0.0076888,0.0076888,0.0076888,0.0076888,0.0076888,1,09/01/2026,True,,,,,0.002,UsageBased,,,,OnDemand,0.002,,,,Azure
,,23daa3d2-aa92-586f-272b-48275276e77b,Sameer,ENPW-W6U2-BG7-PGB,Sameer Ali,8374da0f-43ff-4368-a294-2291e18a57a9,Sameer Ali,,,,,,10/01/2026,09/01/2026,09/04/2026,Networking,a6ef7f43-9e08-4534-c153-4ef8bc5a487d,Azure plan,microsoft.compute,7910b1eb-292c-4462-92f8-d3c917924591,Inter Continent Data Transfer Out - ASIA To Any,Bandwidth,Bandwidth Inter-Region,Intercontinental,DZH318Z0C5TM0003,Bandwidth Inter-Region - Inter Continent - Intercontinental,81fcedaf-037f-4579-a70a-489ec221e86e,Azure for Students,Microsoft,,Microsoft,devops,/subscriptions/81fcedaf-037f-4579-a70a-489ec221e86e/resourcegroups/devops/providers/microsoft.compute/virtualmachines/subhan-devops,centralindia,IN Central,0,0.000003576278686523,1 GB,Usage,USD,USD,0,0,0,0,0,1,09/01/2026,True,,,"{""PlatformType"":""Oro"",""NodeId"":""72f2c6d1-6357-979a-b7f7-1b2125b9eccc"",""NodeIp"":""10.166.92.25"",""ContainerId"":""662451d2-bb62-458e-867a-fb0348b8368d"",""VmName"":""Subhan-DevOps""}",,0,UsageBased,,,,OnDemand,0,,,,Azure
,,23daa3d2-aa92-586f-272b-48275276e77b,Sameer,ENPW-W6U2-BG7-PGB,Sameer Ali,8374da0f-43ff-4368-a294-2291e18a57a9,Sameer Ali,,,,,,10/01/2026,09/01/2026,09/09/2026,Storage,a6ef7f43-9e08-4534-c153-4ef8bc5a487d,Azure plan,Microsoft.Storage,67a3a3fd-826f-42c1-8843-bffa14f0da13,Hot LRS Data Stored - Free,Storage,Blob Storage,,DZH318Z0BNZJ00GG,Blob Storage - Hot LRS,81fcedaf-037f-4579-a70a-489ec221e86e,Azure for Students,Microsoft,,Microsoft,hojayega-rg,/subscriptions/81fcedaf-037f-4579-a70a-489ec221e86e/resourceGroups/hojayega-rg/providers/Microsoft.Storage/storageAccounts/hojayegastore,centralindia,IN Central,0,0.000024,1 GB/Month,Usage,USD,USD,0,0,0,0,0,1,09/01/2026,True,,,"{""ConsumptionMeter"":""5c7a80d0-80f2-45f7-9135-4b4ac42adf49""}",,0,UsageBased,,,,OnDemand,0,,,,Azure
,,23daa3d2-aa92-586f-272b-48275276e77b,Sameer,ENPW-W6U2-BG7-PGB,Sameer Ali,8374da0f-43ff-4368-a294-2291e18a57a9,Sameer Ali,,,,,,10/01/2026,09/01/2026,09/01/2026,Networking,a6ef7f43-9e08-4534-c153-4ef8bc5a487d,Azure plan,microsoft.network,9c150bf9-2bad-430e-a53c-c213804f49ef,Standard IPv4 Static Public IP,Virtual Network,IP Addresses,,DZH318Z0BNXN0033,IP Addresses - Standard IPv4,81fcedaf-037f-4579-a70a-489ec221e86e,Azure for Students,Microsoft,,Microsoft,sameer-testings,/subscriptions/81fcedaf-037f-4579-a70a-489ec221e86e/resourcegroups/sameer-testings/providers/microsoft.network/publicipaddresses/sameervm-ip,centralindia,IN Central,0.005,24,1 Hour,Usage,USD,USD,0.12,0.12,0.12,0.12,0.12,1,09/01/2026,True,,,,,0.005,UsageBased,,,,OnDemand,0.005,,,,Azure
,,23daa3d2-aa92-586f-272b-48275276e77b,Sameer,ENPW-W6U2-BG7-PGB,Sameer Ali,8374da0f-43ff-4368-a294-2291e18a57a9,Sameer Ali,,,,,,10/01/2026,09/01/2026,09/04/2026,Storage,a6ef7f43-9e08-4534-c153-4ef8bc5a487d,Azure plan,Microsoft.Compute,5909273e-c5d4-41c8-afba-506e73d33ece,E4 LRS Disk,Storage,Standard SSD Managed Disks,IN Central,DZH318Z0BP8800D7,Standard SSD Managed Disks - E4 LRS - IN Central,81fcedaf-037f-4579-a70a-489ec221e86e,Azure for Students,Microsoft,,Microsoft,DEVOPS,/subscriptions/81fcedaf-037f-4579-a70a-489ec221e86e/resourceGroups/DEVOPS/providers/Microsoft.Compute/disks/Subhan-DevOps_OsDisk_1_0a95fa147340450695f88c69134f5dfc,centralindia,IN Central,2.64,0.03333600000000001,1/Month,Usage,USD,USD,0.08800704,0.08800704,0.08800704,0.08800704,0.08800704,1,09/01/2026,True,,,,,2.64,UsageBased,,,,OnDemand,2.64,,,,Azure
,,23daa3d2-aa92-586f-272b-48275276e77b,Sameer,ENPW-W6U2-BG7-PGB,Sameer Ali,8374da0f-43ff-4368-a294-2291e18a57a9,Sameer Ali,,,,,,10/01/2026,09/01/2026,09/04/2026,Storage,a6ef7f43-9e08-4534-c153-4ef8bc5a487d,Azure plan,Microsoft.Compute,ed9e91d2-0f0c-4d55-b3dd-7f69d4708b22,P4 LRS Disk,Storage,Premium SSD Managed Disks,IN Central,DZH318Z0BP04003T,Premium SSD Managed Disks - P4 - IN Central,81fcedaf-037f-4579-a70a-489ec221e86e,Azure for Students,Microsoft,,Microsoft,SAMEER-TESTINGS,/subscriptions/81fcedaf-037f-4579-a70a-489ec221e86e/resourceGroups/SAMEER-TESTINGS/providers/Microsoft.Compute/disks/sameerVM_OsDisk_2_f0daf3c5e5da4d0bb983573714461a3a,centralindia,IN Central,5.2795,0.03333600000000001,1/Month,Usage,USD,USD,0.175997412,0.175997412,0.175997412,0.175997412,0.175997412,1,09/01/2026,True,,,,,5.2795,UsageBased,,,,OnDemand,5.2795,,,,Azure
,,23daa3d2-aa92-586f-272b-48275276e77b,Sameer,ENPW-W6U2-BG7-PGB,Sameer Ali,8374da0f-43ff-4368-a294-2291e18a57a9,Sameer Ali,,,,,,10/01/2026,09/01/2026,09/07/2026,Compute,a6ef7f43-9e08-4534-c153-4ef8bc5a487d,Azure plan,microsoft.web,a90aec9f-eecb-42c7-8421-9b96716996dc,F1 App,Azure App Service,Azure App Service Free Plan - Linux,,DZH318Z0C1K20001,Azure App Service Free Plan - Linux - F1,81fcedaf-037f-4579-a70a-489ec221e86e,Azure for Students,Microsoft,,Microsoft,hojayega-rg,/subscriptions/81fcedaf-037f-4579-a70a-489ec221e86e/resourcegroups/hojayega-rg/providers/microsoft.web/sites/hojayega-api-v2,centralindia,IN Central,0,0.032256000000000014,1 Hour,Usage,USD,USD,0,0,0,0,0,1,09/01/2026,True,,,"{""AppServicePlanUri"":""/subscriptions/81fcedaf-037f-4579-a70a-489ec221e86e/resourcegroups/hojayega-rg/providers/microsoft.web/serverfarms/hojayega-plan-b1""}",,0,UsageBased,,,,OnDemand,0,,,,Azure
,,23daa3d2-aa92-586f-272b-48275276e77b,Sameer,ENPW-W6U2-BG7-PGB,Sameer Ali,8374da0f-43ff-4368-a294-2291e18a57a9,Sameer Ali,,,,,,10/01/2026,09/01/2026,09/06/2026,Compute,a6ef7f43-9e08-4534-c153-4ef8bc5a487d,Azure plan,microsoft.web,a90aec9f-eecb-42c7-8421-9b96716996dc,F1 App,Azure App Service,Azure App Service Free Plan - Linux,,DZH318Z0C1K20001,Azure App Service Free Plan - Linux - F1,81fcedaf-037f-4579-a70a-489ec221e86e,Azure for Students,Microsoft,,Microsoft,rg-idp-pipeline-dev,/subscriptions/81fcedaf-037f-4579-a70a-489ec221e86e/resourcegroups/rg-idp-pipeline-dev/providers/microsoft.web/sites/func-idp-api-6413,centralindia,IN Central,0,0.032256000000000014,1 Hour,Usage,USD,USD,0,0,0,0,0,1,09/01/2026,True,,,"{""AppServicePlanUri"":""/subscriptions/81fcedaf-037f-4579-a70a-489ec221e86e/resourcegroups/rg-idp-pipeline-dev/providers/microsoft.web/serverfarms/centralindialinuxdynamicplan""}",,0,UsageBased,,,,OnDemand,0,,,,Azure
,,23daa3d2-aa92-586f-272b-48275276e77b,Sameer,ENPW-W6U2-BG7-PGB,Sameer Ali,8374da0f-43ff-4368-a294-2291e18a57a9,Sameer Ali,,,,,,10/01/2026,09/01/2026,09/07/2026,Storage,a6ef7f43-9e08-4534-c153-4ef8bc5a487d,Azure plan,Microsoft.Compute,5909273e-c5d4-41c8-afba-506e73d33ece,E4 LRS Disk,Storage,Standard SSD Managed Disks,IN Central,DZH318Z0BP8800D7,Standard SSD Managed Disks - E4 LRS - IN Central,81fcedaf-037f-4579-a70a-489ec221e86e,Azure for Students,Microsoft,,Microsoft,DEVOPS,/subscriptions/81fcedaf-037f-4579-a70a-489ec221e86e/resourceGroups/DEVOPS/providers/Microsoft.Compute/disks/Subhan-DevOps_OsDisk_1_0a95fa147340450695f88c69134f5dfc,centralindia,IN Central,2.64,0.03333600000000001,1/Month,Usage,USD,USD,0.08800704,0.08800704,0.08800704,0.08800704,0.08800704,1,09/01/2026,True,,,,,2.64,UsageBased,,,,OnDemand,2.64,,,,Azure
,,23daa3d2-aa92-586f-272b-48275276e77b,Sameer,ENPW-W6U2-BG7-PGB,Sameer Ali,8374da0f-43ff-4368-a294-2291e18a57a9,Sameer Ali,,,,,,10/01/2026,09/01/2026,09/06/2026,Storage,a6ef7f43-9e08-4534-c153-4ef8bc5a487d,Azure plan,Microsoft.Compute,ed9e91d2-0f0c-4d55-b3dd-7f69d4708b22,P4 LRS Disk,Storage,Premium SSD Managed Disks,IN Central,DZH318Z0BP04003T,Premium SSD Managed Disks - P4 - IN Central,81fcedaf-037f-4579-a70a-489ec221e86e,Azure for Students,Microsoft,,Microsoft,SAMEER-TESTINGS,/subscriptions/81fcedaf-037f-4579-a70a-489ec221e86e/resourceGroups/SAMEER-TESTINGS/providers/Microsoft.Compute/disks/sameerVM_OsDisk_2_f0daf3c5e5da4d0bb983573714461a3a,centralindia,IN Central,5.2795,0.03333600000000001,1/Month,Usage,USD,USD,0.175997412,0.175997412,0.175997412,0.175997412,0.175997412,1,09/01/2026,True,,,,,5.2795,UsageBased,,,,OnDemand,5.2795,,,,Azure
,,23daa3d2-aa92-586f-272b-48275276e77b,Sameer,ENPW-W6U2-BG7-PGB,Sameer Ali,8374da0f-43ff-4368-a294-2291e18a57a9,Sameer Ali,,,,,,10/01/2026,09/01/2026,09/06/2026,Compute,a6ef7f43-9e08-4534-c153-4ef8bc5a487d,Azure plan,microsoft.web,a90aec9f-eecb-42c7-8421-9b96716996dc,F1 App,Azure App Service,Azure App Service Free Plan - Linux,,DZH318Z0C1K20001,Azure App Service Free Plan - Linux - F1,81fcedaf-037f-4579-a70a-489ec221e86e,Azure for Students,Microsoft,,Microsoft,rg-idp-pipeline-dev,/subscriptions/81fcedaf-037f-4579-a70a-489ec221e86e/resourcegroups/rg-idp-pipeline-dev/providers/microsoft.web/sites/func-idp-worker-1613,centralindia,IN Central,0,0.032256000000000014,1 Hour,Usage,USD,USD,0,0,0,0,0,1,09/01/2026,True,,,"{""AppServicePlanUri"":""/subscriptions/81fcedaf-037f-4579-a70a-489ec221e86e/resourcegroups/rg-idp-pipeline-dev/providers/microsoft.web/serverfarms/centralindialinuxdynamicplan""}",,0,UsageBased,,,,OnDemand,0,,,,Azure
,,23daa3d2-aa92-586f-272b-48275276e77b,Sameer,ENPW-W6U2-BG7-PGB,Sameer Ali,8374da0f-43ff-4368-a294-2291e18a57a9,Sameer Ali,,,,,,10/01/2026,09/01/2026,09/06/2026,Databases,a6ef7f43-9e08-4534-c153-4ef8bc5a487d,Azure plan,Microsoft.Sql,dd6b69d3-9be0-4a91-abff-2c58bbcafd1d,S0 DTUs - Free,SQL Database,SQL Database Single Standard,,DZH318Z0BQHF01MK,SQL Database Single Standard - S0,81fcedaf-037f-4579-a70a-489ec221e86e,Azure for Students,Microsoft,,Microsoft,rg-idp-pipeline-dev,/subscriptions/81FCEDAF-037F-4579-A70A-489EC221E86E/resourceGroups/rg-idp-pipeline-dev/providers/Microsoft.Sql/servers/sqlsrv-idp-pipeline-dev-gf9uc/databases/sqldb-idp-pipeline-invoices,centralindia,IN Central,0,0.9999999983999996,1/Day,Usage,USD,USD,0,0,0,0,0,1,09/01/2026,True,,,"{""ConsumptionMeter"":""ad4d0278-4c8f-4298-a99b-1952ec4440b9""}",,0,UsageBased,,,,OnDemand,0,,,,Azure
,,23daa3d2-aa92-586f-272b-48275276e77b,Sameer,ENPW-W6U2-BG7-PGB,Sameer Ali,8374da0f-43ff-4368-a294-2291e18a57a9,Sameer Ali,,,,,,10/01/2026,09/01/2026,09/03/2026,Networking,a6ef7f43-9e08-4534-c153-4ef8bc5a487d,Azure plan,microsoft.network,9c150bf9-2bad-430e-a53c-c213804f49ef,Standard IPv4 Static Public IP,Virtual Network,IP Addresses,,DZH318Z0BNXN0033,IP Addresses - Standard IPv4,81fcedaf-037f-4579-a70a-489ec221e86e,Azure for Students,Microsoft,,Microsoft,devops,/subscriptions/81fcedaf-037f-4579-a70a-489ec221e86e/resourcegroups/devops/providers/microsoft.network/publicipaddresses/subhan-devops-ip,centralindia,IN Central,0.005,24,1 Hour,Usage,USD,USD,0.12,0.12,0.12,0.12,0.12,1,09/01/2026,True,,,,,0.005,UsageBased,,,,OnDemand,0.005,,,,Azure
,,23daa3d2-aa92-586f-272b-48275276e77b,Sameer,ENPW-W6U2-BG7-PGB,Sameer Ali,8374da0f-43ff-4368-a294-2291e18a57a9,Sameer Ali,,,,,,10/01/2026,09/01/2026,09/01/2026,Networking,a6ef7f43-9e08-4534-c153-4ef8bc5a487d,Azure plan,microsoft.network,9c150bf9-2bad-430e-a53c-c213804f49ef,Standard IPv4 Static Public IP,Virtual Network,IP Addresses,,DZH318Z0BNXN0033,IP Addresses - Standard IPv4,81fcedaf-037f-4579-a70a-489ec221e86e,Azure for Students,Microsoft,,Microsoft,devops,/subscriptions/81fcedaf-037f-4579-a70a-489ec221e86e/resourcegroups/devops/providers/microsoft.network/publicipaddresses/subhan-devops-ip,centralindia,IN Central,0.005,24,1 Hour,Usage,USD,USD,0.12,0.12,0.12,0.12,0.12,1,09/01/2026,True,,,,,0.005,UsageBased,,,,OnDemand,0.005,,,,Azure
,,23daa3d2-aa92-586f-272b-48275276e77b,Sameer,ENPW-W6U2-BG7-PGB,Sameer Ali,8374da0f-43ff-4368-a294-2291e18a57a9,Sameer Ali,,,,,,10/01/2026,09/01/2026,09/01/2026,Storage,a6ef7f43-9e08-4534-c153-4ef8bc5a487d,Azure plan,Microsoft.Storage,67a3a3fd-826f-42c1-8843-bffa14f0da13,Hot LRS Data Stored - Free,Storage,Blob Storage,,DZH318Z0BNZJ00GG,Blob Storage - Hot LRS,81fcedaf-037f-4579-a70a-489ec221e86e,Azure for Students,Microsoft,,Microsoft,hojayega-rg,/subscriptions/81fcedaf-037f-4579-a70a-489ec221e86e/resourceGroups/hojayega-rg/providers/Microsoft.Storage/storageAccounts/hojayegastore,centralindia,IN Central,0,0.000024,1 GB/Month,Usage,USD,USD,0,0,0,0,0,1,09/01/2026,True,,,"{""ConsumptionMeter"":""5c7a80d0-80f2-45f7-9135-4b4ac42adf49""}",,0,UsageBased,,,,OnDemand,0,,,,Azure
,,23daa3d2-aa92-586f-272b-48275276e77b,Sameer,ENPW-W6U2-BG7-PGB,Sameer Ali,8374da0f-43ff-4368-a294-2291e18a57a9,Sameer Ali,,,,,,10/01/2026,09/01/2026,09/02/2026,Compute,a6ef7f43-9e08-4534-c153-4ef8bc5a487d,Azure plan,microsoft.web,a90aec9f-eecb-42c7-8421-9b96716996dc,F1 App,Azure App Service,Azure App Service Free Plan - Linux,,DZH318Z0C1K20001,Azure App Service Free Plan - Linux - F1,81fcedaf-037f-4579-a70a-489ec221e86e,Azure for Students,Microsoft,,Microsoft,hojayega-rg,/subscriptions/81fcedaf-037f-4579-a70a-489ec221e86e/resourcegroups/hojayega-rg/providers/microsoft.web/sites/hojayega-api-v2,centralindia,IN Central,0,0.032256000000000014,1 Hour,Usage,USD,USD,0,0,0,0,0,1,09/01/2026,True,,,"{""AppServicePlanUri"":""/subscriptions/81fcedaf-037f-4579-a70a-489ec221e86e/resourcegroups/hojayega-rg/providers/microsoft.web/serverfarms/hojayega-plan-b1""}",,0,UsageBased,,,,OnDemand,0,,,,Azure
,,23daa3d2-aa92-586f-272b-48275276e77b,Sameer,ENPW-W6U2-BG7-PGB,Sameer Ali,8374da0f-43ff-4368-a294-2291e18a57a9,Sameer Ali,,,,,,10/01/2026,09/01/2026,09/02/2026,Compute,a6ef7f43-9e08-4534-c153-4ef8bc5a487d,Azure plan,microsoft.web,a90aec9f-eecb-42c7-8421-9b96716996dc,F1 App,Azure App Service,Azure App Service Free Plan - Linux,,DZH318Z0C1K20001,Azure App Service Free Plan - Linux - F1,81fcedaf-037f-4579-a70a-489ec221e86e,Azure for Students,Microsoft,,Microsoft,rg-idp-pipeline-dev,/subscriptions/81fcedaf-037f-4579-a70a-489ec221e86e/resourcegroups/rg-idp-pipeline-dev/providers/microsoft.web/sites/func-idp-api-6413,centralindia,IN Central,0,0.032256000000000014,1 Hour,Usage,USD,USD,0,0,0,0,0,1,09/01/2026,True,,,"{""AppServicePlanUri"":""/subscriptions/81fcedaf-037f-4579-a70a-489ec221e86e/resourcegroups/rg-idp-pipeline-dev/providers/microsoft.web/serverfarms/centralindialinuxdynamicplan""}",,0,UsageBased,,,,OnDemand,0,,,,Azure
,,23daa3d2-aa92-586f-272b-48275276e77b,Sameer,ENPW-W6U2-BG7-PGB,Sameer Ali,8374da0f-43ff-4368-a294-2291e18a57a9,Sameer Ali,,,,,,10/01/2026,09/01/2026,09/03/2026,Storage,a6ef7f43-9e08-4534-c153-4ef8bc5a487d,Azure plan,Microsoft.Compute,ed9e91d2-0f0c-4d55-b3dd-7f69d4708b22,P4 LRS Disk,Storage,Premium SSD Managed Disks,IN Central,DZH318Z0BP04003T,Premium SSD Managed Disks - P4 - IN Central,81fcedaf-037f-4579-a70a-489ec221e86e,Azure for Students,Microsoft,,Microsoft,SAMEER-TESTINGS,/subscriptions/81fcedaf-037f-4579-a70a-489ec221e86e/resourceGroups/SAMEER-TESTINGS/providers/Microsoft.Compute/disks/sameerVM_OsDisk_2_f0daf3c5e5da4d0bb983573714461a3a,centralindia,IN Central,5.2795,0.03333600000000001,1/Month,Usage,USD,USD,0.175997412,0.175997412,0.175997412,0.175997412,0.175997412,1,09/01/2026,True,,,,,5.2795,UsageBased,,,,OnDemand,5.2795,,,,Azure
,,23daa3d2-aa92-586f-272b-48275276e77b,Sameer,ENPW-W6U2-BG7-PGB,Sameer Ali,8374da0f-43ff-4368-a294-2291e18a57a9,Sameer Ali,,,,,,10/01/2026,09/01/2026,09/01/2026,Databases,a6ef7f43-9e08-4534-c153-4ef8bc5a487d,Azure plan,Microsoft.Sql,dd6b69d3-9be0-4a91-abff-2c58bbcafd1d,S0 DTUs - Free,SQL Database,SQL Database Single Standard,,DZH318Z0BQHF01MK,SQL Database Single Standard - S0,81fcedaf-037f-4579-a70a-489ec221e86e,Azure for Students,Microsoft,,Microsoft,rg-idp-pipeline-dev,/subscriptions/81FCEDAF-037F-4579-A70A-489EC221E86E/resourceGroups/rg-idp-pipeline-dev/providers/Microsoft.Sql/servers/sqlsrv-idp-pipeline-dev-gf9uc/databases/sqldb-idp-pipeline-invoices,centralindia,IN Central,0,0.9999999983999996,1/Day,Usage,USD,USD,0,0,0,0,0,1,09/01/2026,True,,,"{""ConsumptionMeter"":""ad4d0278-4c8f-4298-a99b-1952ec4440b9""}",,0,UsageBased,,,,OnDemand,0,,,,Azure
,,23daa3d2-aa92-586f-272b-48275276e77b,Sameer,ENPW-W6U2-BG7-PGB,Sameer Ali,8374da0f-43ff-4368-a294-2291e18a57a9,Sameer Ali,,,,,,10/01/2026,09/01/2026,09/09/2026,Storage,a6ef7f43-9e08-4534-c153-4ef8bc5a487d,Azure plan,Microsoft.Compute,ed9e91d2-0f0c-4d55-b3dd-7f69d4708b22,P4 LRS Disk,Storage,Premium SSD Managed Disks,IN Central,DZH318Z0BP04003T,Premium SSD Managed Disks - P4 - IN Central,81fcedaf-037f-4579-a70a-489ec221e86e,Azure for Students,Microsoft,,Microsoft,SAMEER-TESTINGS,/subscriptions/81fcedaf-037f-4579-a70a-489ec221e86e/resourceGroups/SAMEER-TESTINGS/providers/Microsoft.Compute/disks/sameerVM_OsDisk_2_f0daf3c5e5da4d0bb983573714461a3a,centralindia,IN Central,5.2795,0.023613000000000006,1/Month,Usage,USD,USD,0.1246648335,0.1246648335,0.1246648335,0.1246648335,0.1246648335,1,09/01/2026,True,,,,,5.2795,UsageBased,,,,OnDemand,5.2795,,,,Azure
,,23daa3d2-aa92-586f-272b-48275276e77b,Sameer,ENPW-W6U2-BG7-PGB,Sameer Ali,8374da0f-43ff-4368-a294-2291e18a57a9,Sameer Ali,,,,,,10/01/2026,09/01/2026,09/03/2026,Analytics,a6ef7f43-9e08-4534-c153-4ef8bc5a487d,Azure plan,Microsoft.SignalRService,799e5620-1547-45f2-96fe-8df86291fd7c,Standard Unit - Free,SignalR,SignalR,,DZH318Z0BP4V0007,SignalR,81fcedaf-037f-4579-a70a-489ec221e86e,Azure for Students,Microsoft,,Microsoft,rg-idp-pipeline-dev,/subscriptions/81fcedaf-037f-4579-a70a-489ec221e86e/resourceGroups/rg-idp-pipeline-dev/providers/Microsoft.SignalRService/SignalR/sigr-idp-pipeline-dev-rt7ez,centralindia,IN Central,0,1,1/Day,Usage,USD,USD,0,0,0,0,0,1,09/01/2026,True,,,,,0,UsageBased,,,,OnDemand,0,,,,Azure
,,23daa3d2-aa92-586f-272b-48275276e77b,Sameer,ENPW-W6U2-BG7-PGB,Sameer Ali,8374da0f-43ff-4368-a294-2291e18a57a9,Sameer Ali,,,,,,10/01/2026,09/01/2026,09/09/2026,Networking,a6ef7f43-9e08-4534-c153-4ef8bc5a487d,Azure plan,microsoft.compute,941a7a91-f0b4-4c70-be0f-d87ea6ff09ee,Intra Continent Data Transfer Out,Bandwidth,Bandwidth Inter-Region,Asia,DZH318Z0C5TM0005,Bandwidth Inter-Region - Intra Continent - Asia,81fcedaf-037f-4579-a70a-489ec221e86e,Azure for Students,Microsoft,,Microsoft,sameer-testings,/subscriptions/81fcedaf-037f-4579-a70a-489ec221e86e/resourcegroups/sameer-testings/providers/microsoft.compute/virtualmachines/sameervm,centralindia,IN Central,0.08,0.000004978850483894,1 GB,Usage,USD,USD,0.0000003983080387115478855,0.0000003983080387115478855,0.0000003983080387115478855,0.0000003983080387115478855,0.0000003983080387115478855,1,09/01/2026,True,,,"{""PlatformType"":""Oro"",""NodeId"":""429e81c9-4699-dd0a-ddea-04febfebc3f3"",""NodeIp"":""10.166.91.22"",""ContainerId"":""3a36f7c0-a9d1-4a26-891c-73a53741a55c"",""VmName"":""sameerVM""}",,0.08,UsageBased,,,,OnDemand,0.08,,,,Azure
,,23daa3d2-aa92-586f-272b-48275276e77b,Sameer,ENPW-W6U2-BG7-PGB,Sameer Ali,8374da0f-43ff-4368-a294-2291e18a57a9,Sameer Ali,,,,,,10/01/2026,09/01/2026,09/09/2026,Networking,a6ef7f43-9e08-4534-c153-4ef8bc5a487d,Azure plan,microsoft.compute,7910b1eb-292c-4462-92f8-d3c917924591,Inter Continent Data Transfer Out - ASIA To Any,Bandwidth,Bandwidth Inter-Region,Intercontinental,DZH318Z0C5TM0003,Bandwidth Inter-Region - Inter Continent - Intercontinental,81fcedaf-037f-4579-a70a-489ec221e86e,Azure for Students,Microsoft,,Microsoft,sameer-testings,/subscriptions/81fcedaf-037f-4579-a70a-489ec221e86e/resourcegroups/sameer-testings/providers/microsoft.compute/virtualmachines/sameervm,centralindia,IN Central,0,0.000005129724740982,1 GB,Usage,USD,USD,0,0,0,0,0,1,09/01/2026,True,,,"{""PlatformType"":""Oro"",""NodeId"":""429e81c9-4699-dd0a-ddea-04febfebc3f3"",""NodeIp"":""10.166.91.22"",""ContainerId"":""3a36f7c0-a9d1-4a26-891c-73a53741a55c"",""VmName"":""sameerVM""}",,0,UsageBased,,,,OnDemand,0,,,,Azure
,,23daa3d2-aa92-586f-272b-48275276e77b,Sameer,ENPW-W6U2-BG7-PGB,Sameer Ali,8374da0f-43ff-4368-a294-2291e18a57a9,Sameer Ali,,,,,,10/01/2026,09/01/2026,09/09/2026,Networking,a6ef7f43-9e08-4534-c153-4ef8bc5a487d,Azure plan,microsoft.compute,0fc067a1-65d2-46da-b24b-7a9cbe2c69bd,Standard Data Transfer Out - Free,Bandwidth,Rtn Preference: MGN,,DZH318Z0BNVX005J,Rtn Preference: MGN,81fcedaf-037f-4579-a70a-489ec221e86e,Azure for Students,Microsoft,,Microsoft,devops,/subscriptions/81fcedaf-037f-4579-a70a-489ec221e86e/resourcegroups/devops/providers/microsoft.compute/virtualmachines/subhan-devops,centralindia,IN Central,0,0.0004870173,1 GB,Usage,USD,USD,0,0,0,0,0,1,09/01/2026,True,,,"{""PlatformType"":""Oro"",""NodeId"":""16143ac9-3498-4b43-ecd9-efb4ab2448ab"",""NodeIp"":""10.166.92.134"",""ContainerId"":""2ce2573f-bf97-4347-a2e0-93e85f6f2a9e"",""VmName"":""Subhan-DevOps"",""ConsumptionMeter"":""fe167397-a38d-43c3-9bb3-8e2907e56a41""}",,0,UsageBased,,,,OnDemand,0,,,,Azure
,,23daa3d2-aa92-586f-272b-48275276e77b,Sameer,ENPW-W6U2-BG7-PGB,Sameer Ali,8374da0f-43ff-4368-a294-2291e18a57a9,Sameer Ali,,,,,,10/01/2026,09/01/2026,09/04/2026,Storage,a6ef7f43-9e08-4534-c153-4ef8bc5a487d,Azure plan,Microsoft.Storage,67a3a3fd-826f-42c1-8843-bffa14f0da13,Hot LRS Data Stored - Free,Storage,Blob Storage,,DZH318Z0BNZJ00GG,Blob Storage - Hot LRS,81fcedaf-037f-4579-a70a-489ec221e86e,Azure for Students,Microsoft,,Microsoft,hojayega-rg,/subscriptions/81fcedaf-037f-4579-a70a-489ec221e86e/resourceGroups/hojayega-rg/providers/Microsoft.Storage/storageAccounts/hojayegastore,centralindia,IN Central,0,0.000024,1 GB/Month,Usage,USD,USD,0,0,0,0,0,1,09/01/2026,True,,,"{""ConsumptionMeter"":""5c7a80d0-80f2-45f7-9135-4b4ac42adf49""}",,0,UsageBased,,,,OnDemand,0,,,,Azure
,,23daa3d2-aa92-586f-272b-48275276e77b,Sameer,ENPW-W6U2-BG7-PGB,Sameer Ali,8374da0f-43ff-4368-a294-2291e18a57a9,Sameer Ali,,,,,,10/01/2026,09/01/2026,09/04/2026,Compute,a6ef7f43-9e08-4534-c153-4ef8bc5a487d,Azure plan,Microsoft.Compute,7ad50a1f-8f1e-5557-8662-8103db51af4e,B2ats v2 Spot,Virtual Machines,Virtual Machines Basv2 Series,IN Central,DZH318Z0K9JH01T1,Virtual Machines Basv2 Series - B2ats v2 Spot - IN Central,81fcedaf-037f-4579-a70a-489ec221e86e,Azure for Students,Microsoft,,Microsoft,DEVOPS,/subscriptions/81fcedaf-037f-4579-a70a-489ec221e86e/resourceGroups/DEVOPS/providers/Microsoft.Compute/virtualMachines/Subhan-DevOps,centralindia,IN Central,0.005535,9.700013,1 Hour,Usage,USD,USD,0.053689571955,0.053689571955,0.053689571955,0.053689571955,0.053689571955,1,09/01/2026,True,,Canonical,"{""UsageType"":""ComputeHR"",""ImageType"":""Canonical"",""ServiceType"":""Standard_B2ats_v2"",""VMName"":null,""VMProperties"":null,""VCPUs"":1,""MaxPrice"":-1}",,0.005535,UsageBased,,,,Spot,0.005535,,,,Azure
,,23daa3d2-aa92-586f-272b-48275276e77b,Sameer,ENPW-W6U2-BG7-PGB,Sameer Ali,8374da0f-43ff-4368-a294-2291e18a57a9,Sameer Ali,,,,,,10/01/2026,09/01/2026,09/04/2026,Networking,a6ef7f43-9e08-4534-c153-4ef8bc5a487d,Azure plan,microsoft.compute,941a7a91-f0b4-4c70-be0f-d87ea6ff09ee,Intra Continent Data Transfer Out,Bandwidth,Bandwidth Inter-Region,Asia,DZH318Z0C5TM0005,Bandwidth Inter-Region - Intra Continent - Asia,81fcedaf-037f-4579-a70a-489ec221e86e,Azure for Students,Microsoft,,Microsoft,devops,/subscriptions/81fcedaf-037f-4579-a70a-489ec221e86e/resourcegroups/devops/providers/microsoft.compute/virtualmachines/subhan-devops,centralindia,IN Central,0.08,0.000021466054022312,1 GB,Usage,USD,USD,0.000001717284321784973187,0.000001717284321784973187,0.000001717284321784973187,0.000001717284321784973187,0.000001717284321784973187,1,09/01/2026,True,,,"{""PlatformType"":""Oro"",""NodeId"":""72f2c6d1-6357-979a-b7f7-1b2125b9eccc"",""NodeIp"":""10.166.92.25"",""ContainerId"":""662451d2-bb62-458e-867a-fb0348b8368d"",""VmName"":""Subhan-DevOps""}",,0.08,UsageBased,,,,OnDemand,0.08,,,,Azure
,,23daa3d2-aa92-586f-272b-48275276e77b,Sameer,ENPW-W6U2-BG7-PGB,Sameer Ali,8374da0f-43ff-4368-a294-2291e18a57a9,Sameer Ali,,,,,,10/01/2026,09/01/2026,09/08/2026,Networking,a6ef7f43-9e08-4534-c153-4ef8bc5a487d,Azure plan,microsoft.network,9c150bf9-2bad-430e-a53c-c213804f49ef,Standard IPv4 Static Public IP,Virtual Network,IP Addresses,,DZH318Z0BNXN0033,IP Addresses - Standard IPv4,81fcedaf-037f-4579-a70a-489ec221e86e,Azure for Students,Microsoft,,Microsoft,devops,/subscriptions/81fcedaf-037f-4579-a70a-489ec221e86e/resourcegroups/devops/providers/microsoft.network/publicipaddresses/subhan-devops-ip,centralindia,IN Central,0.005,24,1 Hour,Usage,USD,USD,0.12,0.12,0.12,0.12,0.12,1,09/01/2026,True,,,,,0.005,UsageBased,,,,OnDemand,0.005,,,,Azure
,,23daa3d2-aa92-586f-272b-48275276e77b,Sameer,ENPW-W6U2-BG7-PGB,Sameer Ali,8374da0f-43ff-4368-a294-2291e18a57a9,Sameer Ali,,,,,,10/01/2026,09/01/2026,09/08/2026,Compute,a6ef7f43-9e08-4534-c153-4ef8bc5a487d,Azure plan,microsoft.web,a90aec9f-eecb-42c7-8421-9b96716996dc,F1 App,Azure App Service,Azure App Service Free Plan - Linux,,DZH318Z0C1K20001,Azure App Service Free Plan - Linux - F1,81fcedaf-037f-4579-a70a-489ec221e86e,Azure for Students,Microsoft,,Microsoft,rg-idp-pipeline-dev,/subscriptions/81fcedaf-037f-4579-a70a-489ec221e86e/resourcegroups/rg-idp-pipeline-dev/providers/microsoft.web/sites/func-idp-api-6413,centralindia,IN Central,0,0.032256000000000014,1 Hour,Usage,USD,USD,0,0,0,0,0,1,09/01/2026,True,,,"{""AppServicePlanUri"":""/subscriptions/81fcedaf-037f-4579-a70a-489ec221e86e/resourcegroups/rg-idp-pipeline-dev/providers/microsoft.web/serverfarms/centralindialinuxdynamicplan""}",,0,UsageBased,,,,OnDemand,0,,,,Azure
,,23daa3d2-aa92-586f-272b-48275276e77b,Sameer,ENPW-W6U2-BG7-PGB,Sameer Ali,8374da0f-43ff-4368-a294-2291e18a57a9,Sameer Ali,,,,,,10/01/2026,09/01/2026,09/09/2026,Storage,a6ef7f43-9e08-4534-c153-4ef8bc5a487d,Azure plan,Microsoft.Compute,ed9e91d2-0f0c-4d55-b3dd-7f69d4708b22,P4 LRS Disk,Storage,Premium SSD Managed Disks,IN Central,DZH318Z0BP04003T,Premium SSD Managed Disks - P4 - IN Central,81fcedaf-037f-4579-a70a-489ec221e86e,Azure for Students,Microsoft,,Microsoft,SAMEER-TESTINGS,/subscriptions/81fcedaf-037f-4579-a70a-489ec221e86e/resourceGroups/SAMEER-TESTINGS/providers/Microsoft.Compute/disks/sameerVM_OsDisk_1_34496e81641c426abc951e9bda5e0a60,centralindia,IN Central,5.2795,0.00882,1/Month,Usage,USD,USD,0.04656519,0.04656519,0.04656519,0.04656519,0.04656519,1,09/01/2026,True,,,,,5.2795,UsageBased,,,,OnDemand,5.2795,,,,Azure
,,23daa3d2-aa92-586f-272b-48275276e77b,Sameer,ENPW-W6U2-BG7-PGB,Sameer Ali,8374da0f-43ff-4368-a294-2291e18a57a9,Sameer Ali,,,,,,10/01/2026,09/01/2026,09/05/2026,Networking,a6ef7f43-9e08-4534-c153-4ef8bc5a487d,Azure plan,microsoft.network,9c150bf9-2bad-430e-a53c-c213804f49ef,Standard IPv4 Static Public IP,Virtual Network,IP Addresses,,DZH318Z0BNXN0033,IP Addresses - Standard IPv4,81fcedaf-037f-4579-a70a-489ec221e86e,Azure for Students,Microsoft,,Microsoft,sameer-testings,/subscriptions/81fcedaf-037f-4579-a70a-489ec221e86e/resourcegroups/sameer-testings/providers/microsoft.network/publicipaddresses/sameervm-ip,centralindia,IN Central,0.005,24,1 Hour,Usage,USD,USD,0.12,0.12,0.12,0.12,0.12,1,09/01/2026,True,,,,,0.005,UsageBased,,,,OnDemand,0.005,,,,Azure
,,23daa3d2-aa92-586f-272b-48275276e77b,Sameer,ENPW-W6U2-BG7-PGB,Sameer Ali,8374da0f-43ff-4368-a294-2291e18a57a9,Sameer Ali,,,,,,10/01/2026,09/01/2026,09/08/2026,Databases,a6ef7f43-9e08-4534-c153-4ef8bc5a487d,Azure plan,microsoft.documentdb,7f36e57d-5b13-5235-b776-1e54d3417278,100 RU/s,Azure Cosmos DB,Azure Cosmos DB,IN Central,DZH318Z0BPJH010G,Azure Cosmos DB - Free Tier - IN Central,81fcedaf-037f-4579-a70a-489ec221e86e,Azure for Students,Microsoft,,Microsoft,hojayega-rg,/subscriptions/81fcedaf-037f-4579-a70a-489ec221e86e/resourceGroups/hojayega-rg/providers/microsoft.documentdb/databaseaccounts/hojayega-db,centralindia,IN Central,0,240,1/Hour,Usage,USD,USD,0,0,0,0,0,1,09/01/2026,True,,,"{""GlobalDatabaseAccountName"":""hojayega-db"",""CollectionName"":"""",""CollectionRid"":""8AR4AA=="",""DatabaseName"":""hojayega"",""UsageType"":""ProvisioningThroughput"",""Region"":""Central India""}",,0,UsageBased,,,,OnDemand,0,,,,Azure
,,23daa3d2-aa92-586f-272b-48275276e77b,Sameer,ENPW-W6U2-BG7-PGB,Sameer Ali,8374da0f-43ff-4368-a294-2291e18a57a9,Sameer Ali,,,,,,10/01/2026,09/01/2026,09/05/2026,Analytics,a6ef7f43-9e08-4534-c153-4ef8bc5a487d,Azure plan,Microsoft.SignalRService,799e5620-1547-45f2-96fe-8df86291fd7c,Standard Unit - Free,SignalR,SignalR,,DZH318Z0BP4V0007,SignalR,81fcedaf-037f-4579-a70a-489ec221e86e,Azure for Students,Microsoft,,Microsoft,rg-idp-pipeline-dev,/subscriptions/81fcedaf-037f-4579-a70a-489ec221e86e/resourceGroups/rg-idp-pipeline-dev/providers/Microsoft.SignalRService/SignalR/sigr-idp-pipeline-dev-rt7ez,centralindia,IN Central,0,1,1/Day,Usage,USD,USD,0,0,0,0,0,1,09/01/2026,True,,,,,0,UsageBased,,,,OnDemand,0,,,,Azure
,,23daa3d2-aa92-586f-272b-48275276e77b,Sameer,ENPW-W6U2-BG7-PGB,Sameer Ali,8374da0f-43ff-4368-a294-2291e18a57a9,Sameer Ali,,,,,,10/01/2026,09/01/2026,09/04/2026,Analytics,a6ef7f43-9e08-4534-c153-4ef8bc5a487d,Azure plan,Microsoft.SignalRService,799e5620-1547-45f2-96fe-8df86291fd7c,Standard Unit - Free,SignalR,SignalR,,DZH318Z0BP4V0007,SignalR,81fcedaf-037f-4579-a70a-489ec221e86e,Azure for Students,Microsoft,,Microsoft,rg-idp-pipeline-dev,/subscriptions/81fcedaf-037f-4579-a70a-489ec221e86e/resourceGroups/rg-idp-pipeline-dev/providers/Microsoft.SignalRService/SignalR/sigr-idp-pipeline-dev-rt7ez,centralindia,IN Central,0,1,1/Day,Usage,USD,USD,0,0,0,0,0,1,09/01/2026,True,,,,,0,UsageBased,,,,OnDemand,0,,,,Azure
,,23daa3d2-aa92-586f-272b-48275276e77b,Sameer,ENPW-W6U2-BG7-PGB,Sameer Ali,8374da0f-43ff-4368-a294-2291e18a57a9,Sameer Ali,,,,,,10/01/2026,09/01/2026,09/02/2026,Storage,a6ef7f43-9e08-4534-c153-4ef8bc5a487d,Azure plan,Microsoft.Storage,67a3a3fd-826f-42c1-8843-bffa14f0da13,Hot LRS Data Stored - Free,Storage,Blob Storage,,DZH318Z0BNZJ00GG,Blob Storage - Hot LRS,81fcedaf-037f-4579-a70a-489ec221e86e,Azure for Students,Microsoft,,Microsoft,rg-idp-pipeline-dev,/subscriptions/81fcedaf-037f-4579-a70a-489ec221e86e/resourceGroups/rg-idp-pipeline-dev/providers/Microsoft.Storage/storageAccounts/stidpdevgf9uc,centralindia,IN Central,0,0.000624,1 GB/Month,Usage,USD,USD,0,0,0,0,0,1,09/01/2026,True,,,"{""ConsumptionMeter"":""5c7a80d0-80f2-45f7-9135-4b4ac42adf49""}",,0,UsageBased,,,,OnDemand,0,,,,Azure
,,23daa3d2-aa92-586f-272b-48275276e77b,Sameer,ENPW-W6U2-BG7-PGB,Sameer Ali,8374da0f-43ff-4368-a294-2291e18a57a9,Sameer Ali,,,,,,10/01/2026,09/01/2026,09/05/2026,Storage,a6ef7f43-9e08-4534-c153-4ef8bc5a487d,Azure plan,Microsoft.Compute,ed9e91d2-0f0c-4d55-b3dd-7f69d4708b22,P4 LRS Disk,Storage,Premium SSD Managed Disks,IN Central,DZH318Z0BP04003T,Premium SSD Managed Disks - P4 - IN Central,81fcedaf-037f-4579-a70a-489ec221e86e,Azure for Students,Microsoft,,Microsoft,SAMEER-TESTINGS,/subscriptions/81fcedaf-037f-4579-a70a-489ec221e86e/resourceGroups/SAMEER-TESTINGS/providers/Microsoft.Compute/disks/sameerVM_OsDisk_2_f0daf3c5e5da4d0bb983573714461a3a,centralindia,IN Central,5.2795,0.03333600000000001,1/Month,Usage,USD,USD,0.175997412,0.175997412,0.175997412,0.175997412,0.175997412,1,09/01/2026,True,,,,,5.2795,UsageBased,,,,OnDemand,5.2795,,,,Azure
,,23daa3d2-aa92-586f-272b-48275276e77b,Sameer,ENPW-W6U2-BG7-PGB,Sameer Ali,8374da0f-43ff-4368-a294-2291e18a57a9,Sameer Ali,,,,,,10/01/2026,09/01/2026,09/05/2026,Networking,a6ef7f43-9e08-4534-c153-4ef8bc5a487d,Azure plan,microsoft.network,9c150bf9-2bad-430e-a53c-c213804f49ef,Standard IPv4 Static Public IP,Virtual Network,IP Addresses,,DZH318Z0BNXN0033,IP Addresses - Standard IPv4,81fcedaf-037f-4579-a70a-489ec221e86e,Azure for Students,Microsoft,,Microsoft,devops,/subscriptions/81fcedaf-037f-4579-a70a-489ec221e86e/resourcegroups/devops/providers/microsoft.network/publicipaddresses/subhan-devops-ip,centralindia,IN Central,0.005,24,1 Hour,Usage,USD,USD,0.12,0.12,0.12,0.12,0.12,1,09/01/2026,True,,,,,0.005,UsageBased,,,,OnDemand,0.005,,,,Azure
,,23daa3d2-aa92-586f-272b-48275276e77b,Sameer,ENPW-W6U2-BG7-PGB,Sameer Ali,8374da0f-43ff-4368-a294-2291e18a57a9,Sameer Ali,,,,,,10/01/2026,09/01/2026,09/02/2026,Storage,a6ef7f43-9e08-4534-c153-4ef8bc5a487d,Azure plan,Microsoft.Compute,5909273e-c5d4-41c8-afba-506e73d33ece,E4 LRS Disk,Storage,Standard SSD Managed Disks,IN Central,DZH318Z0BP8800D7,Standard SSD Managed Disks - E4 LRS - IN Central,81fcedaf-037f-4579-a70a-489ec221e86e,Azure for Students,Microsoft,,Microsoft,DEVOPS,/subscriptions/81fcedaf-037f-4579-a70a-489ec221e86e/resourceGroups/DEVOPS/providers/Microsoft.Compute/disks/Subhan-DevOps_OsDisk_1_0a95fa147340450695f88c69134f5dfc,centralindia,IN Central,2.64,0.03333600000000001,1/Month,Usage,USD,USD,0.08800704,0.08800704,0.08800704,0.08800704,0.08800704,1,09/01/2026,True,,,,,2.64,UsageBased,,,,OnDemand,2.64,,,,Azure
,,23daa3d2-aa92-586f-272b-48275276e77b,Sameer,ENPW-W6U2-BG7-PGB,Sameer Ali,8374da0f-43ff-4368-a294-2291e18a57a9,Sameer Ali,,,,,,10/01/2026,09/01/2026,09/07/2026,Databases,a6ef7f43-9e08-4534-c153-4ef8bc5a487d,Azure plan,microsoft.documentdb,4be20b1b-7130-5853-851a-4665a2c0cbcd,Data Stored,Azure Cosmos DB,Azure Cosmos DB,IN Central,DZH318Z0BPJH010G,Azure Cosmos DB - Free Tier - IN Central,81fcedaf-037f-4579-a70a-489ec221e86e,Azure for Students,Microsoft,,Microsoft,hojayega-rg,/subscriptions/81fcedaf-037f-4579-a70a-489ec221e86e/resourceGroups/hojayega-rg/providers/microsoft.documentdb/databaseaccounts/hojayega-db,centralindia,IN Central,0,0.000003465016682943,1 GB/Month,Usage,USD,USD,0,0,0,0,0,1,09/01/2026,True,,,"{""GlobalDatabaseAccountName"":""hojayega-db"",""CollectionName"":"""",""CollectionRid"":""8AR4AA=="",""DatabaseName"":""hojayega"",""UsageType"":""Storage"",""Region"":""Central India"",""IsColdTierContainer"":""false""}",,0,UsageBased,,,,OnDemand,0,,,,Azure
,,23daa3d2-aa92-586f-272b-48275276e77b,Sameer,ENPW-W6U2-BG7-PGB,Sameer Ali,8374da0f-43ff-4368-a294-2291e18a57a9,Sameer Ali,,,,,,10/01/2026,09/01/2026,09/02/2026,Databases,a6ef7f43-9e08-4534-c153-4ef8bc5a487d,Azure plan,microsoft.documentdb,7f36e57d-5b13-5235-b776-1e54d3417278,100 RU/s,Azure Cosmos DB,Azure Cosmos DB,IN Central,DZH318Z0BPJH010G,Azure Cosmos DB - Free Tier - IN Central,81fcedaf-037f-4579-a70a-489ec221e86e,Azure for Students,Microsoft,,Microsoft,hojayega-rg,/subscriptions/81fcedaf-037f-4579-a70a-489ec221e86e/resourceGroups/hojayega-rg/providers/microsoft.documentdb/databaseaccounts/hojayega-db,centralindia,IN Central,0,240,1/Hour,Usage,USD,USD,0,0,0,0,0,1,09/01/2026,True,,,"{""GlobalDatabaseAccountName"":""hojayega-db"",""CollectionName"":"""",""CollectionRid"":""8AR4AA=="",""DatabaseName"":""hojayega"",""UsageType"":""ProvisioningThroughput"",""Region"":""Central India""}",,0,UsageBased,,,,OnDemand,0,,,,Azure
,,23daa3d2-aa92-586f-272b-48275276e77b,Sameer,ENPW-W6U2-BG7-PGB,Sameer Ali,8374da0f-43ff-4368-a294-2291e18a57a9,Sameer Ali,,,,,,10/01/2026,09/01/2026,09/02/2026,Compute,a6ef7f43-9e08-4534-c153-4ef8bc5a487d,Azure plan,microsoft.web,a90aec9f-eecb-42c7-8421-9b96716996dc,F1 App,Azure App Service,Azure App Service Free Plan - Linux,,DZH318Z0C1K20001,Azure App Service Free Plan - Linux - F1,81fcedaf-037f-4579-a70a-489ec221e86e,Azure for Students,Microsoft,,Microsoft,rg-idp-pipeline-dev,/subscriptions/81fcedaf-037f-4579-a70a-489ec221e86e/resourcegroups/rg-idp-pipeline-dev/providers/microsoft.web/sites/func-idp-worker-1613,centralindia,IN Central,0,0.032256000000000014,1 Hour,Usage,USD,USD,0,0,0,0,0,1,09/01/2026,True,,,"{""AppServicePlanUri"":""/subscriptions/81fcedaf-037f-4579-a70a-489ec221e86e/resourcegroups/rg-idp-pipeline-dev/providers/microsoft.web/serverfarms/centralindialinuxdynamicplan""}",,0,UsageBased,,,,OnDemand,0,,,,Azure
,,23daa3d2-aa92-586f-272b-48275276e77b,Sameer,ENPW-W6U2-BG7-PGB,Sameer Ali,8374da0f-43ff-4368-a294-2291e18a57a9,Sameer Ali,,,,,,10/01/2026,09/01/2026,09/09/2026,Storage,a6ef7f43-9e08-4534-c153-4ef8bc5a487d,Azure plan,Microsoft.Compute,ce957933-8287-4f8b-83ee-53a5cbe056d9,E4 LRS Disk Operations,Storage,Standard SSD Managed Disks,,DZH318Z0BP8800M7,Standard SSD Managed Disks - E4 LRS,81fcedaf-037f-4579-a70a-489ec221e86e,Azure for Students,Microsoft,,Microsoft,DEVOPS,/subscriptions/81fcedaf-037f-4579-a70a-489ec221e86e/resourceGroups/DEVOPS/providers/Microsoft.Compute/disks/Subhan-DevOps_OsDisk_1_0a95fa147340450695f88c69134f5dfc,centralindia,IN Central,0.002,3.288,10K,Usage,USD,USD,0.006576,0.006576,0.006576,0.006576,0.006576,1,09/01/2026,True,,,,,0.002,UsageBased,,,,OnDemand,0.002,,,,Azure
,,23daa3d2-aa92-586f-272b-48275276e77b,Sameer,ENPW-W6U2-BG7-PGB,Sameer Ali,8374da0f-43ff-4368-a294-2291e18a57a9,Sameer Ali,,,,,,10/01/2026,09/01/2026,09/01/2026,Compute,a6ef7f43-9e08-4534-c153-4ef8bc5a487d,Azure plan,microsoft.web,a90aec9f-eecb-42c7-8421-9b96716996dc,F1 App,Azure App Service,Azure App Service Free Plan - Linux,,DZH318Z0C1K20001,Azure App Service Free Plan - Linux - F1,81fcedaf-037f-4579-a70a-489ec221e86e,Azure for Students,Microsoft,,Microsoft,rg-idp-pipeline-dev,/subscriptions/81fcedaf-037f-4579-a70a-489ec221e86e/resourcegroups/rg-idp-pipeline-dev/providers/microsoft.web/sites/func-idp-worker-1613,centralindia,IN Central,0,0.032256000000000014,1 Hour,Usage,USD,USD,0,0,0,0,0,1,09/01/2026,True,,,"{""AppServicePlanUri"":""/subscriptions/81fcedaf-037f-4579-a70a-489ec221e86e/resourcegroups/rg-idp-pipeline-dev/providers/microsoft.web/serverfarms/centralindialinuxdynamicplan""}",,0,UsageBased,,,,OnDemand,0,,,,Azure
,,23daa3d2-aa92-586f-272b-48275276e77b,Sameer,ENPW-W6U2-BG7-PGB,Sameer Ali,8374da0f-43ff-4368-a294-2291e18a57a9,Sameer Ali,,,,,,10/01/2026,09/01/2026,09/10/2026,Storage,a6ef7f43-9e08-4534-c153-4ef8bc5a487d,Azure plan,Microsoft.Compute,5909273e-c5d4-41c8-afba-506e73d33ece,E4 LRS Disk,Storage,Standard SSD Managed Disks,IN Central,DZH318Z0BP8800D7,Standard SSD Managed Disks - E4 LRS - IN Central,81fcedaf-037f-4579-a70a-489ec221e86e,Azure for Students,Microsoft,,Microsoft,DEVOPS,/subscriptions/81fcedaf-037f-4579-a70a-489ec221e86e/resourceGroups/DEVOPS/providers/Microsoft.Compute/disks/Subhan-DevOps_OsDisk_1_0a95fa147340450695f88c69134f5dfc,centralindia,IN Central,2.64,0.03333600000000001,1/Month,Usage,USD,USD,0.08800704,0.08800704,0.08800704,0.08800704,0.08800704,1,09/01/2026,True,,,,,2.64,UsageBased,,,,OnDemand,2.64,,,,Azure
,,23daa3d2-aa92-586f-272b-48275276e77b,Sameer,ENPW-W6U2-BG7-PGB,Sameer Ali,8374da0f-43ff-4368-a294-2291e18a57a9,Sameer Ali,,,,,,10/01/2026,09/01/2026,09/10/2026,Storage,a6ef7f43-9e08-4534-c153-4ef8bc5a487d,Azure plan,Microsoft.Storage,6207404d-3389-4d20-9087-cc078ddc3fd9,Read Operations - Free,Storage,Files,,DZH318Z0BP0B004M,Files - LRS,81fcedaf-037f-4579-a70a-489ec221e86e,Azure for Students,Microsoft,,Microsoft,FinOpsIQ,/subscriptions/81fcedaf-037f-4579-a70a-489ec221e86e/resourceGroups/FinOpsIQ/providers/Microsoft.Storage/storageAccounts/finopsiqstore4j951m,centralindia,IN Central,0,0.0004,10K,Usage,USD,USD,0,0,0,0,0,1,09/01/2026,True,,,"{""ConsumptionMeter"":""761abab8-259d-4206-a6ae-707ed03fc540""}",,0,UsageBased,,,,OnDemand,0,,,,Azure
,,23daa3d2-aa92-586f-272b-48275276e77b,Sameer,ENPW-W6U2-BG7-PGB,Sameer Ali,8374da0f-43ff-4368-a294-2291e18a57a9,Sameer Ali,,,,,,10/01/2026,09/01/2026,09/10/2026,Networking,a6ef7f43-9e08-4534-c153-4ef8bc5a487d,Azure plan,microsoft.network,9c150bf9-2bad-430e-a53c-c213804f49ef,Standard IPv4 Static Public IP,Virtual Network,IP Addresses,,DZH318Z0BNXN0033,IP Addresses - Standard IPv4,81fcedaf-037f-4579-a70a-489ec221e86e,Azure for Students,Microsoft,,Microsoft,sameer-testings,/subscriptions/81fcedaf-037f-4579-a70a-489ec221e86e/resourcegroups/sameer-testings/providers/microsoft.network/publicipaddresses/sameervm-ip,centralindia,IN Central,0.005,24,1 Hour,Usage,USD,USD,0.12,0.12,0.12,0.12,0.12,1,09/01/2026,True,,,,,0.005,UsageBased,,,,OnDemand,0.005,,,,Azure
,,23daa3d2-aa92-586f-272b-48275276e77b,Sameer,ENPW-W6U2-BG7-PGB,Sameer Ali,8374da0f-43ff-4368-a294-2291e18a57a9,Sameer Ali,,,,,,10/01/2026,09/01/2026,09/10/2026,Analytics,a6ef7f43-9e08-4534-c153-4ef8bc5a487d,Azure plan,Microsoft.SignalRService,799e5620-1547-45f2-96fe-8df86291fd7c,Standard Unit - Free,SignalR,SignalR,,DZH318Z0BP4V0007,SignalR,81fcedaf-037f-4579-a70a-489ec221e86e,Azure for Students,Microsoft,,Microsoft,rg-idp-pipeline-dev,/subscriptions/81fcedaf-037f-4579-a70a-489ec221e86e/resourceGroups/rg-idp-pipeline-dev/providers/Microsoft.SignalRService/SignalR/sigr-idp-pipeline-dev-rt7ez,centralindia,IN Central,0,1,1/Day,Usage,USD,USD,0,0,0,0,0,1,09/01/2026,True,,,,,0,UsageBased,,,,OnDemand,0,,,,Azure
,,23daa3d2-aa92-586f-272b-48275276e77b,Sameer,ENPW-W6U2-BG7-PGB,Sameer Ali,8374da0f-43ff-4368-a294-2291e18a57a9,Sameer Ali,,,,,,10/01/2026,09/01/2026,09/11/2026,Storage,a6ef7f43-9e08-4534-c153-4ef8bc5a487d,Azure plan,Microsoft.Compute,5909273e-c5d4-41c8-afba-506e73d33ece,E4 LRS Disk,Storage,Standard SSD Managed Disks,IN Central,DZH318Z0BP8800D7,Standard SSD Managed Disks - E4 LRS - IN Central,81fcedaf-037f-4579-a70a-489ec221e86e,Azure for Students,Microsoft,,Microsoft,DEVOPS,/subscriptions/81fcedaf-037f-4579-a70a-489ec221e86e/resourceGroups/DEVOPS/providers/Microsoft.Compute/disks/Subhan-DevOps_OsDisk_1_0a95fa147340450695f88c69134f5dfc,centralindia,IN Central,2.64,0.004167000000000001,1/Month,Usage,USD,USD,0.01100088,0.01100088,0.01100088,0.01100088,0.01100088,1,09/01/2026,True,,,,,2.64,UsageBased,,,,OnDemand,2.64,,,,Azure
,,23daa3d2-aa92-586f-272b-48275276e77b,Sameer,ENPW-W6U2-BG7-PGB,Sameer Ali,8374da0f-43ff-4368-a294-2291e18a57a9,Sameer Ali,,,,,,10/01/2026,09/01/2026,09/11/2026,Databases,a6ef7f43-9e08-4534-c153-4ef8bc5a487d,Azure plan,microsoft.documentdb,7f36e57d-5b13-5235-b776-1e54d3417278,100 RU/s,Azure Cosmos DB,Azure Cosmos DB,IN Central,DZH318Z0BPJH010G,Azure Cosmos DB - Free Tier - IN Central,81fcedaf-037f-4579-a70a-489ec221e86e,Azure for Students,Microsoft,,Microsoft,hojayega-rg,/subscriptions/81fcedaf-037f-4579-a70a-489ec221e86e/resourceGroups/hojayega-rg/providers/microsoft.documentdb/databaseaccounts/hojayega-db,centralindia,IN Central,0,20,1/Hour,Usage,USD,USD,0,0,0,0,0,1,09/01/2026,True,,,"{""GlobalDatabaseAccountName"":""hojayega-db"",""CollectionName"":"""",""CollectionRid"":""8AR4AA=="",""DatabaseName"":""hojayega"",""UsageType"":""ProvisioningThroughput"",""Region"":""Central India""}",,0,UsageBased,,,,OnDemand,0,,,,Azure
,,23daa3d2-aa92-586f-272b-48275276e77b,Sameer,ENPW-W6U2-BG7-PGB,Sameer Ali,8374da0f-43ff-4368-a294-2291e18a57a9,Sameer Ali,,,,,,10/01/2026,09/01/2026,09/10/2026,Storage,a6ef7f43-9e08-4534-c153-4ef8bc5a487d,Azure plan,Microsoft.Storage,67a3a3fd-826f-42c1-8843-bffa14f0da13,Hot LRS Data Stored - Free,Storage,Blob Storage,,DZH318Z0BNZJ00GG,Blob Storage - Hot LRS,81fcedaf-037f-4579-a70a-489ec221e86e,Azure for Students,Microsoft,,Microsoft,hojayega-rg,/subscriptions/81fcedaf-037f-4579-a70a-489ec221e86e/resourceGroups/hojayega-rg/providers/Microsoft.Storage/storageAccounts/hojayegastore,centralindia,IN Central,0,0.000024,1 GB/Month,Usage,USD,USD,0,0,0,0,0,1,09/01/2026,True,,,"{""ConsumptionMeter"":""5c7a80d0-80f2-45f7-9135-4b4ac42adf49""}",,0,UsageBased,,,,OnDemand,0,,,,Azure
,,23daa3d2-aa92-586f-272b-48275276e77b,Sameer,ENPW-W6U2-BG7-PGB,Sameer Ali,8374da0f-43ff-4368-a294-2291e18a57a9,Sameer Ali,,,,,,10/01/2026,09/01/2026,09/10/2026,Networking,a6ef7f43-9e08-4534-c153-4ef8bc5a487d,Azure plan,microsoft.network,9c150bf9-2bad-430e-a53c-c213804f49ef,Standard IPv4 Static Public IP,Virtual Network,IP Addresses,,DZH318Z0BNXN0033,IP Addresses - Standard IPv4,81fcedaf-037f-4579-a70a-489ec221e86e,Azure for Students,Microsoft,,Microsoft,devops,/subscriptions/81fcedaf-037f-4579-a70a-489ec221e86e/resourcegroups/devops/providers/microsoft.network/publicipaddresses/subhan-devops-ip,centralindia,IN Central,0.005,24,1 Hour,Usage,USD,USD,0.12,0.12,0.12,0.12,0.12,1,09/01/2026,True,,,,,0.005,UsageBased,,,,OnDemand,0.005,,,,Azure
,,23daa3d2-aa92-586f-272b-48275276e77b,Sameer,ENPW-W6U2-BG7-PGB,Sameer Ali,8374da0f-43ff-4368-a294-2291e18a57a9,Sameer Ali,,,,,,10/01/2026,09/01/2026,09/10/2026,Databases,a6ef7f43-9e08-4534-c153-4ef8bc5a487d,Azure plan,microsoft.documentdb,4be20b1b-7130-5853-851a-4665a2c0cbcd,Data Stored,Azure Cosmos DB,Azure Cosmos DB,IN Central,DZH318Z0BPJH010G,Azure Cosmos DB - Free Tier - IN Central,81fcedaf-037f-4579-a70a-489ec221e86e,Azure for Students,Microsoft,,Microsoft,hojayega-rg,/subscriptions/81fcedaf-037f-4579-a70a-489ec221e86e/resourceGroups/hojayega-rg/providers/microsoft.documentdb/databaseaccounts/hojayega-db,centralindia,IN Central,0,0.000003465016682943,1 GB/Month,Usage,USD,USD,0,0,0,0,0,1,09/01/2026,True,,,"{""GlobalDatabaseAccountName"":""hojayega-db"",""CollectionName"":"""",""CollectionRid"":""8AR4AA=="",""DatabaseName"":""hojayega"",""UsageType"":""Storage"",""Region"":""Central India"",""IsColdTierContainer"":""false""}",,0,UsageBased,,,,OnDemand,0,,,,Azure
,,23daa3d2-aa92-586f-272b-48275276e77b,Sameer,ENPW-W6U2-BG7-PGB,Sameer Ali,8374da0f-43ff-4368-a294-2291e18a57a9,Sameer Ali,,,,,,10/01/2026,09/01/2026,09/11/2026,Databases,a6ef7f43-9e08-4534-c153-4ef8bc5a487d,Azure plan,Microsoft.Sql,dd6b69d3-9be0-4a91-abff-2c58bbcafd1d,S0 DTUs - Free,SQL Database,SQL Database Single Standard,,DZH318Z0BQHF01MK,SQL Database Single Standard - S0,81fcedaf-037f-4579-a70a-489ec221e86e,Azure for Students,Microsoft,,Microsoft,rg-idp-pipeline-dev,/subscriptions/81FCEDAF-037F-4579-A70A-489EC221E86E/resourceGroups/rg-idp-pipeline-dev/providers/Microsoft.Sql/servers/sqlsrv-idp-pipeline-dev-gf9uc/databases/sqldb-idp-pipeline-invoices,centralindia,IN Central,0,0.0416666666,1/Day,Usage,USD,USD,0,0,0,0,0,1,09/01/2026,True,,,"{""ConsumptionMeter"":""ad4d0278-4c8f-4298-a99b-1952ec4440b9""}",,0,UsageBased,,,,OnDemand,0,,,,Azure
,,23daa3d2-aa92-586f-272b-48275276e77b,Sameer,ENPW-W6U2-BG7-PGB,Sameer Ali,8374da0f-43ff-4368-a294-2291e18a57a9,Sameer Ali,,,,,,10/01/2026,09/01/2026,09/11/2026,Storage,a6ef7f43-9e08-4534-c153-4ef8bc5a487d,Azure plan,Microsoft.Storage,67a3a3fd-826f-42c1-8843-bffa14f0da13,Hot LRS Data Stored - Free,Storage,Blob Storage,,DZH318Z0BNZJ00GG,Blob Storage - Hot LRS,81fcedaf-037f-4579-a70a-489ec221e86e,Azure for Students,Microsoft,,Microsoft,hojayega-rg,/subscriptions/81fcedaf-037f-4579-a70a-489ec221e86e/resourceGroups/hojayega-rg/providers/Microsoft.Storage/storageAccounts/hojayegastore,centralindia,IN Central,0,0.000003,1 GB/Month,Usage,USD,USD,0,0,0,0,0,1,09/01/2026,True,,,"{""ConsumptionMeter"":""5c7a80d0-80f2-45f7-9135-4b4ac42adf49""}",,0,UsageBased,,,,OnDemand,0,,,,Azure
,,23daa3d2-aa92-586f-272b-48275276e77b,Sameer,ENPW-W6U2-BG7-PGB,Sameer Ali,8374da0f-43ff-4368-a294-2291e18a57a9,Sameer Ali,,,,,,10/01/2026,09/01/2026,09/11/2026,Databases,a6ef7f43-9e08-4534-c153-4ef8bc5a487d,Azure plan,microsoft.documentdb,4be20b1b-7130-5853-851a-4665a2c0cbcd,Data Stored,Azure Cosmos DB,Azure Cosmos DB,IN Central,DZH318Z0BPJH010G,Azure Cosmos DB - Free Tier - IN Central,81fcedaf-037f-4579-a70a-489ec221e86e,Azure for Students,Microsoft,,Microsoft,hojayega-rg,/subscriptions/81fcedaf-037f-4579-a70a-489ec221e86e/resourceGroups/hojayega-rg/providers/microsoft.documentdb/databaseaccounts/hojayega-db,centralindia,IN Central,0,0.000000288751390245,1 GB/Month,Usage,USD,USD,0,0,0,0,0,1,09/01/2026,True,,,"{""GlobalDatabaseAccountName"":""hojayega-db"",""CollectionName"":"""",""CollectionRid"":""8AR4AA=="",""DatabaseName"":""hojayega"",""UsageType"":""Storage"",""Region"":""Central India"",""IsColdTierContainer"":""false""}",,0,UsageBased,,,,OnDemand,0,,,,Azure
,,23daa3d2-aa92-586f-272b-48275276e77b,Sameer,ENPW-W6U2-BG7-PGB,Sameer Ali,8374da0f-43ff-4368-a294-2291e18a57a9,Sameer Ali,,,,,,10/01/2026,09/01/2026,09/10/2026,Storage,a6ef7f43-9e08-4534-c153-4ef8bc5a487d,Azure plan,Microsoft.Storage,64529af0-dc68-4c4f-a9c4-05e189bce930,Class 2 Operations,Storage,Queues v2,IN Central,DZH318Z0BNZ4004B,Queues v2 - LRS - IN Central,81fcedaf-037f-4579-a70a-489ec221e86e,Azure for Students,Microsoft,,Microsoft,FinOpsIQ,/subscriptions/81fcedaf-037f-4579-a70a-489ec221e86e/resourceGroups/FinOpsIQ/providers/Microsoft.Storage/storageAccounts/finopsiqstore4j951m,centralindia,IN Central,0.004,0.0002,10K,Usage,USD,USD,0.0000008,0.0000008,0.0000008,0.0000008,0.0000008,1,09/01/2026,True,,,,,0.004,UsageBased,,,,OnDemand,0.004,,,,Azure
,,23daa3d2-aa92-586f-272b-48275276e77b,Sameer,ENPW-W6U2-BG7-PGB,Sameer Ali,8374da0f-43ff-4368-a294-2291e18a57a9,Sameer Ali,,,,,,10/01/2026,09/01/2026,09/10/2026,Databases,a6ef7f43-9e08-4534-c153-4ef8bc5a487d,Azure plan,Microsoft.Sql,dd6b69d3-9be0-4a91-abff-2c58bbcafd1d,S0 DTUs - Free,SQL Database,SQL Database Single Standard,,DZH318Z0BQHF01MK,SQL Database Single Standard - S0,81fcedaf-037f-4579-a70a-489ec221e86e,Azure for Students,Microsoft,,Microsoft,rg-idp-pipeline-dev,/subscriptions/81FCEDAF-037F-4579-A70A-489EC221E86E/resourceGroups/rg-idp-pipeline-dev/providers/Microsoft.Sql/servers/sqlsrv-idp-pipeline-dev-gf9uc/databases/sqldb-idp-pipeline-invoices,centralindia,IN Central,0,0.9999999983999996,1/Day,Usage,USD,USD,0,0,0,0,0,1,09/01/2026,True,,,"{""ConsumptionMeter"":""ad4d0278-4c8f-4298-a99b-1952ec4440b9""}",,0,UsageBased,,,,OnDemand,0,,,,Azure
,,23daa3d2-aa92-586f-272b-48275276e77b,Sameer,ENPW-W6U2-BG7-PGB,Sameer Ali,8374da0f-43ff-4368-a294-2291e18a57a9,Sameer Ali,,,,,,10/01/2026,09/01/2026,09/11/2026,Networking,a6ef7f43-9e08-4534-c153-4ef8bc5a487d,Azure plan,microsoft.network,9c150bf9-2bad-430e-a53c-c213804f49ef,Standard IPv4 Static Public IP,Virtual Network,IP Addresses,,DZH318Z0BNXN0033,IP Addresses - Standard IPv4,81fcedaf-037f-4579-a70a-489ec221e86e,Azure for Students,Microsoft,,Microsoft,devops,/subscriptions/81fcedaf-037f-4579-a70a-489ec221e86e/resourcegroups/devops/providers/microsoft.network/publicipaddresses/subhan-devops-ip,centralindia,IN Central,0.005,3,1 Hour,Usage,USD,USD,0.015,0.015,0.015,0.015,0.015,1,09/01/2026,True,,,,,0.005,UsageBased,,,,OnDemand,0.005,,,,Azure
,,23daa3d2-aa92-586f-272b-48275276e77b,Sameer,ENPW-W6U2-BG7-PGB,Sameer Ali,8374da0f-43ff-4368-a294-2291e18a57a9,Sameer Ali,,,,,,10/01/2026,09/01/2026,09/10/2026,Storage,a6ef7f43-9e08-4534-c153-4ef8bc5a487d,Azure plan,Microsoft.Storage,c1d4643b-d6b1-4fd8-80b5-7a074115261d,LRS List and Create Container Operations - Free,Storage,Blob Storage,,DZH318Z0BNZJ00GG,Blob Storage - Hot LRS,81fcedaf-037f-4579-a70a-489ec221e86e,Azure for Students,Microsoft,,Microsoft,FinOpsIQ,/subscriptions/81fcedaf-037f-4579-a70a-489ec221e86e/resourceGroups/FinOpsIQ/providers/Microsoft.Storage/storageAccounts/finopsiqstore4j951m,centralindia,IN Central,0,0.0003,10K,Usage,USD,USD,0,0,0,0,0,1,09/01/2026,True,,,"{""ConsumptionMeter"":""9bd8178b-4f3f-496f-a755-3986ab44a190""}",,0,UsageBased,,,,OnDemand,0,,,,Azure
,,23daa3d2-aa92-586f-272b-48275276e77b,Sameer,ENPW-W6U2-BG7-PGB,Sameer Ali,8374da0f-43ff-4368-a294-2291e18a57a9,Sameer Ali,,,,,,10/01/2026,09/01/2026,09/10/2026,Databases,a6ef7f43-9e08-4534-c153-4ef8bc5a487d,Azure plan,microsoft.documentdb,7f36e57d-5b13-5235-b776-1e54d3417278,100 RU/s,Azure Cosmos DB,Azure Cosmos DB,IN Central,DZH318Z0BPJH010G,Azure Cosmos DB - Free Tier - IN Central,81fcedaf-037f-4579-a70a-489ec221e86e,Azure for Students,Microsoft,,Microsoft,hojayega-rg,/subscriptions/81fcedaf-037f-4579-a70a-489ec221e86e/resourceGroups/hojayega-rg/providers/microsoft.documentdb/databaseaccounts/hojayega-db,centralindia,IN Central,0,240,1/Hour,Usage,USD,USD,0,0,0,0,0,1,09/01/2026,True,,,"{""GlobalDatabaseAccountName"":""hojayega-db"",""CollectionName"":"""",""CollectionRid"":""8AR4AA=="",""DatabaseName"":""hojayega"",""UsageType"":""ProvisioningThroughput"",""Region"":""Central India""}",,0,UsageBased,,,,OnDemand,0,,,,Azure
,,23daa3d2-aa92-586f-272b-48275276e77b,Sameer,ENPW-W6U2-BG7-PGB,Sameer Ali,8374da0f-43ff-4368-a294-2291e18a57a9,Sameer Ali,,,,,,10/01/2026,09/01/2026,09/11/2026,Compute,a6ef7f43-9e08-4534-c153-4ef8bc5a487d,Azure plan,microsoft.web,a90aec9f-eecb-42c7-8421-9b96716996dc,F1 App,Azure App Service,Azure App Service Free Plan - Linux,,DZH318Z0C1K20001,Azure App Service Free Plan - Linux - F1,81fcedaf-037f-4579-a70a-489ec221e86e,Azure for Students,Microsoft,,Microsoft,rg-idp-pipeline-dev,/subscriptions/81fcedaf-037f-4579-a70a-489ec221e86e/resourcegroups/rg-idp-pipeline-dev/providers/microsoft.web/sites/func-idp-worker-1613,centralindia,IN Central,0,0.002688,1 Hour,Usage,USD,USD,0,0,0,0,0,1,09/01/2026,True,,,"{""AppServicePlanUri"":""/subscriptions/81fcedaf-037f-4579-a70a-489ec221e86e/resourcegroups/rg-idp-pipeline-dev/providers/microsoft.web/serverfarms/centralindialinuxdynamicplan""}",,0,UsageBased,,,,OnDemand,0,,,,Azure
,,23daa3d2-aa92-586f-272b-48275276e77b,Sameer,ENPW-W6U2-BG7-PGB,Sameer Ali,8374da0f-43ff-4368-a294-2291e18a57a9,Sameer Ali,,,,,,10/01/2026,09/01/2026,09/10/2026,Storage,a6ef7f43-9e08-4534-c153-4ef8bc5a487d,Azure plan,Microsoft.Storage,1156c9ab-18fe-4de1-b488-d8ccd89bc530,All Other Operations,Storage,Blob Storage,IN Central,DZH318Z0BNZJ00C5,Blob Storage - Hot LRS - IN Central,81fcedaf-037f-4579-a70a-489ec221e86e,Azure for Students,Microsoft,,Microsoft,FinOpsIQ,/subscriptions/81fcedaf-037f-4579-a70a-489ec221e86e/resourceGroups/FinOpsIQ/providers/Microsoft.Storage/storageAccounts/finopsiqstore4j951m,centralindia,IN Central,0.0044,0.0013,10K,Usage,USD,USD,0.00000572,0.00000572,0.00000572,0.00000572,0.00000572,1,09/01/2026,True,,,,,0.0044,UsageBased,,,,OnDemand,0.0044,,,,Azure
,,23daa3d2-aa92-586f-272b-48275276e77b,Sameer,ENPW-W6U2-BG7-PGB,Sameer Ali,8374da0f-43ff-4368-a294-2291e18a57a9,Sameer Ali,,,,,,10/01/2026,09/01/2026,09/10/2026,Storage,a6ef7f43-9e08-4534-c153-4ef8bc5a487d,Azure plan,Microsoft.Compute,ce957933-8287-4f8b-83ee-53a5cbe056d9,E4 LRS Disk Operations,Storage,Standard SSD Managed Disks,,DZH318Z0BP8800M7,Standard SSD Managed Disks - E4 LRS,81fcedaf-037f-4579-a70a-489ec221e86e,Azure for Students,Microsoft,,Microsoft,DEVOPS,/subscriptions/81fcedaf-037f-4579-a70a-489ec221e86e/resourceGroups/DEVOPS/providers/Microsoft.Compute/disks/Subhan-DevOps_OsDisk_1_0a95fa147340450695f88c69134f5dfc,centralindia,IN Central,0.002,1.9072,10K,Usage,USD,USD,0.0038144,0.0038144,0.0038144,0.0038144,0.0038144,1,09/01/2026,True,,,,,0.002,UsageBased,,,,OnDemand,0.002,,,,Azure
,,23daa3d2-aa92-586f-272b-48275276e77b,Sameer,ENPW-W6U2-BG7-PGB,Sameer Ali,8374da0f-43ff-4368-a294-2291e18a57a9,Sameer Ali,,,,,,10/01/2026,09/01/2026,09/10/2026,Compute,a6ef7f43-9e08-4534-c153-4ef8bc5a487d,Azure plan,microsoft.web,a90aec9f-eecb-42c7-8421-9b96716996dc,F1 App,Azure App Service,Azure App Service Free Plan - Linux,,DZH318Z0C1K20001,Azure App Service Free Plan - Linux - F1,81fcedaf-037f-4579-a70a-489ec221e86e,Azure for Students,Microsoft,,Microsoft,rg-idp-pipeline-dev,/subscriptions/81fcedaf-037f-4579-a70a-489ec221e86e/resourcegroups/rg-idp-pipeline-dev/providers/microsoft.web/sites/func-idp-worker-1613,centralindia,IN Central,0,0.032256000000000014,1 Hour,Usage,USD,USD,0,0,0,0,0,1,09/01/2026,True,,,"{""AppServicePlanUri"":""/subscriptions/81fcedaf-037f-4579-a70a-489ec221e86e/resourcegroups/rg-idp-pipeline-dev/providers/microsoft.web/serverfarms/centralindialinuxdynamicplan""}",,0,UsageBased,,,,OnDemand,0,,,,Azure
,,23daa3d2-aa92-586f-272b-48275276e77b,Sameer,ENPW-W6U2-BG7-PGB,Sameer Ali,8374da0f-43ff-4368-a294-2291e18a57a9,Sameer Ali,,,,,,10/01/2026,09/01/2026,09/10/2026,Compute,a6ef7f43-9e08-4534-c153-4ef8bc5a487d,Azure plan,Microsoft.Compute,7ad50a1f-8f1e-5557-8662-8103db51af4e,B2ats v2 Spot,Virtual Machines,Virtual Machines Basv2 Series,IN Central,DZH318Z0K9JH01T1,Virtual Machines Basv2 Series - B2ats v2 Spot - IN Central,81fcedaf-037f-4579-a70a-489ec221e86e,Azure for Students,Microsoft,,Microsoft,DEVOPS,/subscriptions/81fcedaf-037f-4579-a70a-489ec221e86e/resourceGroups/DEVOPS/providers/Microsoft.Compute/virtualMachines/Subhan-DevOps,centralindia,IN Central,0.005535,0.6666780000000001,1 Hour,Usage,USD,USD,0.00369006273,0.00369006273,0.00369006273,0.00369006273,0.00369006273,1,09/01/2026,True,,Canonical,"{""UsageType"":""ComputeHR"",""ImageType"":""Canonical"",""ServiceType"":""Standard_B2ats_v2"",""VMName"":null,""VMProperties"":null,""VCPUs"":1,""MaxPrice"":-1}",,0.005535,UsageBased,,,,Spot,0.005535,,,,Azure
,,23daa3d2-aa92-586f-272b-48275276e77b,Sameer,ENPW-W6U2-BG7-PGB,Sameer Ali,8374da0f-43ff-4368-a294-2291e18a57a9,Sameer Ali,,,,,,10/01/2026,09/01/2026,09/11/2026,Networking,a6ef7f43-9e08-4534-c153-4ef8bc5a487d,Azure plan,microsoft.network,9c150bf9-2bad-430e-a53c-c213804f49ef,Standard IPv4 Static Public IP,Virtual Network,IP Addresses,,DZH318Z0BNXN0033,IP Addresses - Standard IPv4,81fcedaf-037f-4579-a70a-489ec221e86e,Azure for Students,Microsoft,,Microsoft,sameer-testings,/subscriptions/81fcedaf-037f-4579-a70a-489ec221e86e/resourcegroups/sameer-testings/providers/microsoft.network/publicipaddresses/sameervm-ip,centralindia,IN Central,0.005,3,1 Hour,Usage,USD,USD,0.015,0.015,0.015,0.015,0.015,1,09/01/2026,True,,,,,0.005,UsageBased,,,,OnDemand,0.005,,,,Azure
,,23daa3d2-aa92-586f-272b-48275276e77b,Sameer,ENPW-W6U2-BG7-PGB,Sameer Ali,8374da0f-43ff-4368-a294-2291e18a57a9,Sameer Ali,,,,,,10/01/2026,09/01/2026,09/11/2026,Compute,a6ef7f43-9e08-4534-c153-4ef8bc5a487d,Azure plan,microsoft.web,a90aec9f-eecb-42c7-8421-9b96716996dc,F1 App,Azure App Service,Azure App Service Free Plan - Linux,,DZH318Z0C1K20001,Azure App Service Free Plan - Linux - F1,81fcedaf-037f-4579-a70a-489ec221e86e,Azure for Students,Microsoft,,Microsoft,hojayega-rg,/subscriptions/81fcedaf-037f-4579-a70a-489ec221e86e/resourcegroups/hojayega-rg/providers/microsoft.web/sites/hojayega-api-v2,centralindia,IN Central,0,0.002688,1 Hour,Usage,USD,USD,0,0,0,0,0,1,09/01/2026,True,,,"{""AppServicePlanUri"":""/subscriptions/81fcedaf-037f-4579-a70a-489ec221e86e/resourcegroups/hojayega-rg/providers/microsoft.web/serverfarms/hojayega-plan-b1""}",,0,UsageBased,,,,OnDemand,0,,,,Azure
,,23daa3d2-aa92-586f-272b-48275276e77b,Sameer,ENPW-W6U2-BG7-PGB,Sameer Ali,8374da0f-43ff-4368-a294-2291e18a57a9,Sameer Ali,,,,,,10/01/2026,09/01/2026,09/04/2026,Compute,a6ef7f43-9e08-4534-c153-4ef8bc5a487d,Azure plan,microsoft.web,a90aec9f-eecb-42c7-8421-9b96716996dc,F1 App,Azure App Service,Azure App Service Free Plan - Linux,,DZH318Z0C1K20001,Azure App Service Free Plan - Linux - F1,81fcedaf-037f-4579-a70a-489ec221e86e,Azure for Students,Microsoft,,Microsoft,rg-idp-pipeline-dev,/subscriptions/81fcedaf-037f-4579-a70a-489ec221e86e/resourcegroups/rg-idp-pipeline-dev/providers/microsoft.web/sites/func-idp-worker-1613,centralindia,IN Central,0,0.032256000000000014,1 Hour,Usage,USD,USD,0,0,0,0,0,1,09/01/2026,True,,,"{""AppServicePlanUri"":""/subscriptions/81fcedaf-037f-4579-a70a-489ec221e86e/resourcegroups/rg-idp-pipeline-dev/providers/microsoft.web/serverfarms/centralindialinuxdynamicplan""}",,0,UsageBased,,,,OnDemand,0,,,,Azure
,,23daa3d2-aa92-586f-272b-48275276e77b,Sameer,ENPW-W6U2-BG7-PGB,Sameer Ali,8374da0f-43ff-4368-a294-2291e18a57a9,Sameer Ali,,,,,,10/01/2026,09/01/2026,09/09/2026,Compute,a6ef7f43-9e08-4534-c153-4ef8bc5a487d,Azure plan,microsoft.web,a90aec9f-eecb-42c7-8421-9b96716996dc,F1 App,Azure App Service,Azure App Service Free Plan - Linux,,DZH318Z0C1K20001,Azure App Service Free Plan - Linux - F1,81fcedaf-037f-4579-a70a-489ec221e86e,Azure for Students,Microsoft,,Microsoft,hojayega-rg,/subscriptions/81fcedaf-037f-4579-a70a-489ec221e86e/resourcegroups/hojayega-rg/providers/microsoft.web/sites/hojayega-api-v2,centralindia,IN Central,0,0.032256000000000014,1 Hour,Usage,USD,USD,0,0,0,0,0,1,09/01/2026,True,,,"{""AppServicePlanUri"":""/subscriptions/81fcedaf-037f-4579-a70a-489ec221e86e/resourcegroups/hojayega-rg/providers/microsoft.web/serverfarms/hojayega-plan-b1""}",,0,UsageBased,,,,OnDemand,0,,,,Azure
,,23daa3d2-aa92-586f-272b-48275276e77b,Sameer,ENPW-W6U2-BG7-PGB,Sameer Ali,8374da0f-43ff-4368-a294-2291e18a57a9,Sameer Ali,,,,,,10/01/2026,09/01/2026,09/09/2026,Compute,a6ef7f43-9e08-4534-c153-4ef8bc5a487d,Azure plan,microsoft.web,a90aec9f-eecb-42c7-8421-9b96716996dc,F1 App,Azure App Service,Azure App Service Free Plan - Linux,,DZH318Z0C1K20001,Azure App Service Free Plan - Linux - F1,81fcedaf-037f-4579-a70a-489ec221e86e,Azure for Students,Microsoft,,Microsoft,rg-idp-pipeline-dev,/subscriptions/81fcedaf-037f-4579-a70a-489ec221e86e/resourcegroups/rg-idp-pipeline-dev/providers/microsoft.web/sites/func-idp-api-6413,centralindia,IN Central,0,0.032256000000000014,1 Hour,Usage,USD,USD,0,0,0,0,0,1,09/01/2026,True,,,"{""AppServicePlanUri"":""/subscriptions/81fcedaf-037f-4579-a70a-489ec221e86e/resourcegroups/rg-idp-pipeline-dev/providers/microsoft.web/serverfarms/centralindialinuxdynamicplan""}",,0,UsageBased,,,,OnDemand,0,,,,Azure
,,23daa3d2-aa92-586f-272b-48275276e77b,Sameer,ENPW-W6U2-BG7-PGB,Sameer Ali,8374da0f-43ff-4368-a294-2291e18a57a9,Sameer Ali,,,,,,10/01/2026,09/01/2026,09/09/2026,Networking,a6ef7f43-9e08-4534-c153-4ef8bc5a487d,Azure plan,microsoft.network,9c150bf9-2bad-430e-a53c-c213804f49ef,Standard IPv4 Static Public IP,Virtual Network,IP Addresses,,DZH318Z0BNXN0033,IP Addresses - Standard IPv4,81fcedaf-037f-4579-a70a-489ec221e86e,Azure for Students,Microsoft,,Microsoft,devops,/subscriptions/81fcedaf-037f-4579-a70a-489ec221e86e/resourcegroups/devops/providers/microsoft.network/publicipaddresses/subhan-devops-ip,centralindia,IN Central,0.005,24,1 Hour,Usage,USD,USD,0.12,0.12,0.12,0.12,0.12,1,09/01/2026,True,,,,,0.005,UsageBased,,,,OnDemand,0.005,,,,Azure
,,23daa3d2-aa92-586f-272b-48275276e77b,Sameer,ENPW-W6U2-BG7-PGB,Sameer Ali,8374da0f-43ff-4368-a294-2291e18a57a9,Sameer Ali,,,,,,10/01/2026,09/01/2026,09/09/2026,Databases,a6ef7f43-9e08-4534-c153-4ef8bc5a487d,Azure plan,microsoft.documentdb,7f36e57d-5b13-5235-b776-1e54d3417278,100 RU/s,Azure Cosmos DB,Azure Cosmos DB,IN Central,DZH318Z0BPJH010G,Azure Cosmos DB - Free Tier - IN Central,81fcedaf-037f-4579-a70a-489ec221e86e,Azure for Students,Microsoft,,Microsoft,hojayega-rg,/subscriptions/81fcedaf-037f-4579-a70a-489ec221e86e/resourceGroups/hojayega-rg/providers/microsoft.documentdb/databaseaccounts/hojayega-db,centralindia,IN Central,0,240,1/Hour,Usage,USD,USD,0,0,0,0,0,1,09/01/2026,True,,,"{""GlobalDatabaseAccountName"":""hojayega-db"",""CollectionName"":"""",""CollectionRid"":""8AR4AA=="",""DatabaseName"":""hojayega"",""UsageType"":""ProvisioningThroughput"",""Region"":""Central India""}",,0,UsageBased,,,,OnDemand,0,,,,Azure
,,23daa3d2-aa92-586f-272b-48275276e77b,Sameer,ENPW-W6U2-BG7-PGB,Sameer Ali,8374da0f-43ff-4368-a294-2291e18a57a9,Sameer Ali,,,,,,10/01/2026,09/01/2026,09/09/2026,Compute,a6ef7f43-9e08-4534-c153-4ef8bc5a487d,Azure plan,microsoft.web,a90aec9f-eecb-42c7-8421-9b96716996dc,F1 App,Azure App Service,Azure App Service Free Plan - Linux,,DZH318Z0C1K20001,Azure App Service Free Plan - Linux - F1,81fcedaf-037f-4579-a70a-489ec221e86e,Azure for Students,Microsoft,,Microsoft,rg-idp-pipeline-dev,/subscriptions/81fcedaf-037f-4579-a70a-489ec221e86e/resourcegroups/rg-idp-pipeline-dev/providers/microsoft.web/sites/func-idp-worker-1613,centralindia,IN Central,0,0.032256000000000014,1 Hour,Usage,USD,USD,0,0,0,0,0,1,09/01/2026,True,,,"{""AppServicePlanUri"":""/subscriptions/81fcedaf-037f-4579-a70a-489ec221e86e/resourcegroups/rg-idp-pipeline-dev/providers/microsoft.web/serverfarms/centralindialinuxdynamicplan""}",,0,UsageBased,,,,OnDemand,0,,,,Azure
,,23daa3d2-aa92-586f-272b-48275276e77b,Sameer,ENPW-W6U2-BG7-PGB,Sameer Ali,8374da0f-43ff-4368-a294-2291e18a57a9,Sameer Ali,,,,,,10/01/2026,09/01/2026,09/03/2026,Databases,a6ef7f43-9e08-4534-c153-4ef8bc5a487d,Azure plan,microsoft.documentdb,4be20b1b-7130-5853-851a-4665a2c0cbcd,Data Stored,Azure Cosmos DB,Azure Cosmos DB,IN Central,DZH318Z0BPJH010G,Azure Cosmos DB - Free Tier - IN Central,81fcedaf-037f-4579-a70a-489ec221e86e,Azure for Students,Microsoft,,Microsoft,hojayega-rg,/subscriptions/81fcedaf-037f-4579-a70a-489ec221e86e/resourceGroups/hojayega-rg/providers/microsoft.documentdb/databaseaccounts/hojayega-db,centralindia,IN Central,0,0.000003465016682943,1 GB/Month,Usage,USD,USD,0,0,0,0,0,1,09/01/2026,True,,,"{""GlobalDatabaseAccountName"":""hojayega-db"",""CollectionName"":"""",""CollectionRid"":""8AR4AA=="",""DatabaseName"":""hojayega"",""UsageType"":""Storage"",""Region"":""Central India"",""IsColdTierContainer"":""false""}",,0,UsageBased,,,,OnDemand,0,,,,Azure
,,23daa3d2-aa92-586f-272b-48275276e77b,Sameer,ENPW-W6U2-BG7-PGB,Sameer Ali,8374da0f-43ff-4368-a294-2291e18a57a9,Sameer Ali,,,,,,10/01/2026,09/01/2026,09/07/2026,Analytics,a6ef7f43-9e08-4534-c153-4ef8bc5a487d,Azure plan,Microsoft.SignalRService,799e5620-1547-45f2-96fe-8df86291fd7c,Standard Unit - Free,SignalR,SignalR,,DZH318Z0BP4V0007,SignalR,81fcedaf-037f-4579-a70a-489ec221e86e,Azure for Students,Microsoft,,Microsoft,rg-idp-pipeline-dev,/subscriptions/81fcedaf-037f-4579-a70a-489ec221e86e/resourceGroups/rg-idp-pipeline-dev/providers/Microsoft.SignalRService/SignalR/sigr-idp-pipeline-dev-rt7ez,centralindia,IN Central,0,1,1/Day,Usage,USD,USD,0,0,0,0,0,1,09/01/2026,True,,,,,0,UsageBased,,,,OnDemand,0,,,,Azure
,,23daa3d2-aa92-586f-272b-48275276e77b,Sameer,ENPW-W6U2-BG7-PGB,Sameer Ali,8374da0f-43ff-4368-a294-2291e18a57a9,Sameer Ali,,,,,,10/01/2026,09/01/2026,09/07/2026,Databases,a6ef7f43-9e08-4534-c153-4ef8bc5a487d,Azure plan,Microsoft.Sql,dd6b69d3-9be0-4a91-abff-2c58bbcafd1d,S0 DTUs - Free,SQL Database,SQL Database Single Standard,,DZH318Z0BQHF01MK,SQL Database Single Standard - S0,81fcedaf-037f-4579-a70a-489ec221e86e,Azure for Students,Microsoft,,Microsoft,rg-idp-pipeline-dev,/subscriptions/81FCEDAF-037F-4579-A70A-489EC221E86E/resourceGroups/rg-idp-pipeline-dev/providers/Microsoft.Sql/servers/sqlsrv-idp-pipeline-dev-gf9uc/databases/sqldb-idp-pipeline-invoices,centralindia,IN Central,0,0.9999999983999996,1/Day,Usage,USD,USD,0,0,0,0,0,1,09/01/2026,True,,,"{""ConsumptionMeter"":""ad4d0278-4c8f-4298-a99b-1952ec4440b9""}",,0,UsageBased,,,,OnDemand,0,,,,Azure
,,23daa3d2-aa92-586f-272b-48275276e77b,Sameer,ENPW-W6U2-BG7-PGB,Sameer Ali,8374da0f-43ff-4368-a294-2291e18a57a9,Sameer Ali,,,,,,10/01/2026,09/01/2026,09/04/2026,Compute,a6ef7f43-9e08-4534-c153-4ef8bc5a487d,Azure plan,microsoft.web,a90aec9f-eecb-42c7-8421-9b96716996dc,F1 App,Azure App Service,Azure App Service Free Plan - Linux,,DZH318Z0C1K20001,Azure App Service Free Plan - Linux - F1,81fcedaf-037f-4579-a70a-489ec221e86e,Azure for Students,Microsoft,,Microsoft,hojayega-rg,/subscriptions/81fcedaf-037f-4579-a70a-489ec221e86e/resourcegroups/hojayega-rg/providers/microsoft.web/sites/hojayega-api-v2,centralindia,IN Central,0,0.032256000000000014,1 Hour,Usage,USD,USD,0,0,0,0,0,1,09/01/2026,True,,,"{""AppServicePlanUri"":""/subscriptions/81fcedaf-037f-4579-a70a-489ec221e86e/resourcegroups/hojayega-rg/providers/microsoft.web/serverfarms/hojayega-plan-b1""}",,0,UsageBased,,,,OnDemand,0,,,,Azure
,,23daa3d2-aa92-586f-272b-48275276e77b,Sameer,ENPW-W6U2-BG7-PGB,Sameer Ali,8374da0f-43ff-4368-a294-2291e18a57a9,Sameer Ali,,,,,,10/01/2026,09/01/2026,09/04/2026,Compute,a6ef7f43-9e08-4534-c153-4ef8bc5a487d,Azure plan,microsoft.web,a90aec9f-eecb-42c7-8421-9b96716996dc,F1 App,Azure App Service,Azure App Service Free Plan - Linux,,DZH318Z0C1K20001,Azure App Service Free Plan - Linux - F1,81fcedaf-037f-4579-a70a-489ec221e86e,Azure for Students,Microsoft,,Microsoft,rg-idp-pipeline-dev,/subscriptions/81fcedaf-037f-4579-a70a-489ec221e86e/resourcegroups/rg-idp-pipeline-dev/providers/microsoft.web/sites/func-idp-api-6413,centralindia,IN Central,0,0.032256000000000014,1 Hour,Usage,USD,USD,0,0,0,0,0,1,09/01/2026,True,,,"{""AppServicePlanUri"":""/subscriptions/81fcedaf-037f-4579-a70a-489ec221e86e/resourcegroups/rg-idp-pipeline-dev/providers/microsoft.web/serverfarms/centralindialinuxdynamicplan""}",,0,UsageBased,,,,OnDemand,0,,,,Azure
,,23daa3d2-aa92-586f-272b-48275276e77b,Sameer,ENPW-W6U2-BG7-PGB,Sameer Ali,8374da0f-43ff-4368-a294-2291e18a57a9,Sameer Ali,,,,,,10/01/2026,09/01/2026,09/07/2026,Networking,a6ef7f43-9e08-4534-c153-4ef8bc5a487d,Azure plan,microsoft.network,9c150bf9-2bad-430e-a53c-c213804f49ef,Standard IPv4 Static Public IP,Virtual Network,IP Addresses,,DZH318Z0BNXN0033,IP Addresses - Standard IPv4,81fcedaf-037f-4579-a70a-489ec221e86e,Azure for Students,Microsoft,,Microsoft,devops,/subscriptions/81fcedaf-037f-4579-a70a-489ec221e86e/resourcegroups/devops/providers/microsoft.network/publicipaddresses/subhan-devops-ip,centralindia,IN Central,0.005,24,1 Hour,Usage,USD,USD,0.12,0.12,0.12,0.12,0.12,1,09/01/2026,True,,,,,0.005,UsageBased,,,,OnDemand,0.005,,,,Azure
,,23daa3d2-aa92-586f-272b-48275276e77b,Sameer,ENPW-W6U2-BG7-PGB,Sameer Ali,8374da0f-43ff-4368-a294-2291e18a57a9,Sameer Ali,,,,,,10/01/2026,09/01/2026,09/03/2026,Networking,a6ef7f43-9e08-4534-c153-4ef8bc5a487d,Azure plan,microsoft.network,9c150bf9-2bad-430e-a53c-c213804f49ef,Standard IPv4 Static Public IP,Virtual Network,IP Addresses,,DZH318Z0BNXN0033,IP Addresses - Standard IPv4,81fcedaf-037f-4579-a70a-489ec221e86e,Azure for Students,Microsoft,,Microsoft,sameer-testings,/subscriptions/81fcedaf-037f-4579-a70a-489ec221e86e/resourcegroups/sameer-testings/providers/microsoft.network/publicipaddresses/sameervm-ip,centralindia,IN Central,0.005,24,1 Hour,Usage,USD,USD,0.12,0.12,0.12,0.12,0.12,1,09/01/2026,True,,,,,0.005,UsageBased,,,,OnDemand,0.005,,,,Azure
,,23daa3d2-aa92-586f-272b-48275276e77b,Sameer,ENPW-W6U2-BG7-PGB,Sameer Ali,8374da0f-43ff-4368-a294-2291e18a57a9,Sameer Ali,,,,,,10/01/2026,09/01/2026,09/06/2026,Compute,a6ef7f43-9e08-4534-c153-4ef8bc5a487d,Azure plan,microsoft.web,a90aec9f-eecb-42c7-8421-9b96716996dc,F1 App,Azure App Service,Azure App Service Free Plan - Linux,,DZH318Z0C1K20001,Azure App Service Free Plan - Linux - F1,81fcedaf-037f-4579-a70a-489ec221e86e,Azure for Students,Microsoft,,Microsoft,hojayega-rg,/subscriptions/81fcedaf-037f-4579-a70a-489ec221e86e/resourcegroups/hojayega-rg/providers/microsoft.web/sites/hojayega-api-v2,centralindia,IN Central,0,0.032256000000000014,1 Hour,Usage,USD,USD,0,0,0,0,0,1,09/01/2026,True,,,"{""AppServicePlanUri"":""/subscriptions/81fcedaf-037f-4579-a70a-489ec221e86e/resourcegroups/hojayega-rg/providers/microsoft.web/serverfarms/hojayega-plan-b1""}",,0,UsageBased,,,,OnDemand,0,,,,Azure
,,23daa3d2-aa92-586f-272b-48275276e77b,Sameer,ENPW-W6U2-BG7-PGB,Sameer Ali,8374da0f-43ff-4368-a294-2291e18a57a9,Sameer Ali,,,,,,10/01/2026,09/01/2026,09/03/2026,Compute,a6ef7f43-9e08-4534-c153-4ef8bc5a487d,Azure plan,microsoft.web,a90aec9f-eecb-42c7-8421-9b96716996dc,F1 App,Azure App Service,Azure App Service Free Plan - Linux,,DZH318Z0C1K20001,Azure App Service Free Plan - Linux - F1,81fcedaf-037f-4579-a70a-489ec221e86e,Azure for Students,Microsoft,,Microsoft,rg-idp-pipeline-dev,/subscriptions/81fcedaf-037f-4579-a70a-489ec221e86e/resourcegroups/rg-idp-pipeline-dev/providers/microsoft.web/sites/func-idp-api-6413,centralindia,IN Central,0,0.032256000000000014,1 Hour,Usage,USD,USD,0,0,0,0,0,1,09/01/2026,True,,,"{""AppServicePlanUri"":""/subscriptions/81fcedaf-037f-4579-a70a-489ec221e86e/resourcegroups/rg-idp-pipeline-dev/providers/microsoft.web/serverfarms/centralindialinuxdynamicplan""}",,0,UsageBased,,,,OnDemand,0,,,,Azure
,,23daa3d2-aa92-586f-272b-48275276e77b,Sameer,ENPW-W6U2-BG7-PGB,Sameer Ali,8374da0f-43ff-4368-a294-2291e18a57a9,Sameer Ali,,,,,,10/01/2026,09/01/2026,09/09/2026,Networking,a6ef7f43-9e08-4534-c153-4ef8bc5a487d,Azure plan,microsoft.compute,0fc067a1-65d2-46da-b24b-7a9cbe2c69bd,Standard Data Transfer Out - Free,Bandwidth,Rtn Preference: MGN,,DZH318Z0BNVX005J,Rtn Preference: MGN,81fcedaf-037f-4579-a70a-489ec221e86e,Azure for Students,Microsoft,,Microsoft,sameer-testings,/subscriptions/81fcedaf-037f-4579-a70a-489ec221e86e/resourcegroups/sameer-testings/providers/microsoft.compute/virtualmachines/sameervm,centralindia,IN Central,0,0.003678079900000001,1 GB,Usage,USD,USD,0,0,0,0,0,1,09/01/2026,True,,,"{""PlatformType"":""Oro"",""NodeId"":""429e81c9-4699-dd0a-ddea-04febfebc3f3"",""NodeIp"":""10.166.91.22"",""ContainerId"":""3a36f7c0-a9d1-4a26-891c-73a53741a55c"",""VmName"":""sameerVM"",""ConsumptionMeter"":""fe167397-a38d-43c3-9bb3-8e2907e56a41""}",,0,UsageBased,,,,OnDemand,0,,,,Azure
,,23daa3d2-aa92-586f-272b-48275276e77b,Sameer,ENPW-W6U2-BG7-PGB,Sameer Ali,8374da0f-43ff-4368-a294-2291e18a57a9,Sameer Ali,,,,,,10/01/2026,09/01/2026,09/09/2026,Storage,a6ef7f43-9e08-4534-c153-4ef8bc5a487d,Azure plan,Microsoft.Storage,1156c9ab-18fe-4de1-b488-d8ccd89bc530,All Other Operations,Storage,Blob Storage,IN Central,DZH318Z0BNZJ00C5,Blob Storage - Hot LRS - IN Central,81fcedaf-037f-4579-a70a-489ec221e86e,Azure for Students,Microsoft,,Microsoft,FinOpsIQ,/subscriptions/81fcedaf-037f-4579-a70a-489ec221e86e/resourceGroups/FinOpsIQ/providers/Microsoft.Storage/storageAccounts/finopsiqstore4j951m,centralindia,IN Central,0.0044,0.0004,10K,Usage,USD,USD,0.00000176,0.00000176,0.00000176,0.00000176,0.00000176,1,09/01/2026,True,,,,,0.0044,UsageBased,,,,OnDemand,0.0044,,,,Azure
,,23daa3d2-aa92-586f-272b-48275276e77b,Sameer,ENPW-W6U2-BG7-PGB,Sameer Ali,8374da0f-43ff-4368-a294-2291e18a57a9,Sameer Ali,,,,,,10/01/2026,09/01/2026,09/09/2026,Networking,a6ef7f43-9e08-4534-c153-4ef8bc5a487d,Azure plan,microsoft.compute,941a7a91-f0b4-4c70-be0f-d87ea6ff09ee,Intra Continent Data Transfer Out,Bandwidth,Bandwidth Inter-Region,Asia,DZH318Z0C5TM0005,Bandwidth Inter-Region - Intra Continent - Asia,81fcedaf-037f-4579-a70a-489ec221e86e,Azure for Students,Microsoft,,Microsoft,devops,/subscriptions/81fcedaf-037f-4579-a70a-489ec221e86e/resourcegroups/devops/providers/microsoft.compute/virtualmachines/subhan-devops,centralindia,IN Central,0.08,0.000000335276126862,1 GB,Usage,USD,USD,0.00000002682209014892578,0.00000002682209014892578,0.00000002682209014892578,0.00000002682209014892578,0.00000002682209014892578,1,09/01/2026,True,,,"{""PlatformType"":""Oro"",""NodeId"":""16143ac9-3498-4b43-ecd9-efb4ab2448ab"",""NodeIp"":""10.166.92.134"",""ContainerId"":""2ce2573f-bf97-4347-a2e0-93e85f6f2a9e"",""VmName"":""Subhan-DevOps""}",,0.08,UsageBased,,,,OnDemand,0.08,,,,Azure
,,23daa3d2-aa92-586f-272b-48275276e77b,Sameer,ENPW-W6U2-BG7-PGB,Sameer Ali,8374da0f-43ff-4368-a294-2291e18a57a9,Sameer Ali,,,,,,10/01/2026,09/01/2026,09/01/2026,Compute,a6ef7f43-9e08-4534-c153-4ef8bc5a487d,Azure plan,microsoft.web,a90aec9f-eecb-42c7-8421-9b96716996dc,F1 App,Azure App Service,Azure App Service Free Plan - Linux,,DZH318Z0C1K20001,Azure App Service Free Plan - Linux - F1,81fcedaf-037f-4579-a70a-489ec221e86e,Azure for Students,Microsoft,,Microsoft,hojayega-rg,/subscriptions/81fcedaf-037f-4579-a70a-489ec221e86e/resourcegroups/hojayega-rg/providers/microsoft.web/sites/hojayega-api-v2,centralindia,IN Central,0,0.032256000000000014,1 Hour,Usage,USD,USD,0,0,0,0,0,1,09/01/2026,True,,,"{""AppServicePlanUri"":""/subscriptions/81fcedaf-037f-4579-a70a-489ec221e86e/resourcegroups/hojayega-rg/providers/microsoft.web/serverfarms/hojayega-plan-b1""}",,0,UsageBased,,,,OnDemand,0,,,,Azure
,,23daa3d2-aa92-586f-272b-48275276e77b,Sameer,ENPW-W6U2-BG7-PGB,Sameer Ali,8374da0f-43ff-4368-a294-2291e18a57a9,Sameer Ali,,,,,,10/01/2026,09/01/2026,09/05/2026,Databases,a6ef7f43-9e08-4534-c153-4ef8bc5a487d,Azure plan,microsoft.documentdb,7f36e57d-5b13-5235-b776-1e54d3417278,100 RU/s,Azure Cosmos DB,Azure Cosmos DB,IN Central,DZH318Z0BPJH010G,Azure Cosmos DB - Free Tier - IN Central,81fcedaf-037f-4579-a70a-489ec221e86e,Azure for Students,Microsoft,,Microsoft,hojayega-rg,/subscriptions/81fcedaf-037f-4579-a70a-489ec221e86e/resourceGroups/hojayega-rg/providers/microsoft.documentdb/databaseaccounts/hojayega-db,centralindia,IN Central,0,240,1/Hour,Usage,USD,USD,0,0,0,0,0,1,09/01/2026,True,,,"{""GlobalDatabaseAccountName"":""hojayega-db"",""CollectionName"":"""",""CollectionRid"":""8AR4AA=="",""DatabaseName"":""hojayega"",""UsageType"":""ProvisioningThroughput"",""Region"":""Central India""}",,0,UsageBased,,,,OnDemand,0,,,,Azure
,,23daa3d2-aa92-586f-272b-48275276e77b,Sameer,ENPW-W6U2-BG7-PGB,Sameer Ali,8374da0f-43ff-4368-a294-2291e18a57a9,Sameer Ali,,,,,,10/01/2026,09/01/2026,09/02/2026,Analytics,a6ef7f43-9e08-4534-c153-4ef8bc5a487d,Azure plan,Microsoft.SignalRService,799e5620-1547-45f2-96fe-8df86291fd7c,Standard Unit - Free,SignalR,SignalR,,DZH318Z0BP4V0007,SignalR,81fcedaf-037f-4579-a70a-489ec221e86e,Azure for Students,Microsoft,,Microsoft,rg-idp-pipeline-dev,/subscriptions/81fcedaf-037f-4579-a70a-489ec221e86e/resourceGroups/rg-idp-pipeline-dev/providers/Microsoft.SignalRService/SignalR/sigr-idp-pipeline-dev-rt7ez,centralindia,IN Central,0,1,1/Day,Usage,USD,USD,0,0,0,0,0,1,09/01/2026,True,,,,,0,UsageBased,,,,OnDemand,0,,,,Azure
,,23daa3d2-aa92-586f-272b-48275276e77b,Sameer,ENPW-W6U2-BG7-PGB,Sameer Ali,8374da0f-43ff-4368-a294-2291e18a57a9,Sameer Ali,,,,,,10/01/2026,09/01/2026,09/06/2026,Databases,a6ef7f43-9e08-4534-c153-4ef8bc5a487d,Azure plan,microsoft.documentdb,4be20b1b-7130-5853-851a-4665a2c0cbcd,Data Stored,Azure Cosmos DB,Azure Cosmos DB,IN Central,DZH318Z0BPJH010G,Azure Cosmos DB - Free Tier - IN Central,81fcedaf-037f-4579-a70a-489ec221e86e,Azure for Students,Microsoft,,Microsoft,hojayega-rg,/subscriptions/81fcedaf-037f-4579-a70a-489ec221e86e/resourceGroups/hojayega-rg/providers/microsoft.documentdb/databaseaccounts/hojayega-db,centralindia,IN Central,0,0.000003465016682943,1 GB/Month,Usage,USD,USD,0,0,0,0,0,1,09/01/2026,True,,,"{""GlobalDatabaseAccountName"":""hojayega-db"",""CollectionName"":"""",""CollectionRid"":""8AR4AA=="",""DatabaseName"":""hojayega"",""UsageType"":""Storage"",""Region"":""Central India"",""IsColdTierContainer"":""false""}",,0,UsageBased,,,,OnDemand,0,,,,Azure
,,23daa3d2-aa92-586f-272b-48275276e77b,Sameer,ENPW-W6U2-BG7-PGB,Sameer Ali,8374da0f-43ff-4368-a294-2291e18a57a9,Sameer Ali,,,,,,10/01/2026,09/01/2026,09/08/2026,Analytics,a6ef7f43-9e08-4534-c153-4ef8bc5a487d,Azure plan,Microsoft.SignalRService,799e5620-1547-45f2-96fe-8df86291fd7c,Standard Unit - Free,SignalR,SignalR,,DZH318Z0BP4V0007,SignalR,81fcedaf-037f-4579-a70a-489ec221e86e,Azure for Students,Microsoft,,Microsoft,rg-idp-pipeline-dev,/subscriptions/81fcedaf-037f-4579-a70a-489ec221e86e/resourceGroups/rg-idp-pipeline-dev/providers/Microsoft.SignalRService/SignalR/sigr-idp-pipeline-dev-rt7ez,centralindia,IN Central,0,1,1/Day,Usage,USD,USD,0,0,0,0,0,1,09/01/2026,True,,,,,0,UsageBased,,,,OnDemand,0,,,,Azure
,,23daa3d2-aa92-586f-272b-48275276e77b,Sameer,ENPW-W6U2-BG7-PGB,Sameer Ali,8374da0f-43ff-4368-a294-2291e18a57a9,Sameer Ali,,,,,,10/01/2026,09/01/2026,09/09/2026,Analytics,a6ef7f43-9e08-4534-c153-4ef8bc5a487d,Azure plan,Microsoft.SignalRService,799e5620-1547-45f2-96fe-8df86291fd7c,Standard Unit - Free,SignalR,SignalR,,DZH318Z0BP4V0007,SignalR,81fcedaf-037f-4579-a70a-489ec221e86e,Azure for Students,Microsoft,,Microsoft,rg-idp-pipeline-dev,/subscriptions/81fcedaf-037f-4579-a70a-489ec221e86e/resourceGroups/rg-idp-pipeline-dev/providers/Microsoft.SignalRService/SignalR/sigr-idp-pipeline-dev-rt7ez,centralindia,IN Central,0,1,1/Day,Usage,USD,USD,0,0,0,0,0,1,09/01/2026,True,,,,,0,UsageBased,,,,OnDemand,0,,,,Azure
,,23daa3d2-aa92-586f-272b-48275276e77b,Sameer,ENPW-W6U2-BG7-PGB,Sameer Ali,8374da0f-43ff-4368-a294-2291e18a57a9,Sameer Ali,,,,,,10/01/2026,09/01/2026,09/09/2026,Databases,a6ef7f43-9e08-4534-c153-4ef8bc5a487d,Azure plan,Microsoft.Sql,dd6b69d3-9be0-4a91-abff-2c58bbcafd1d,S0 DTUs - Free,SQL Database,SQL Database Single Standard,,DZH318Z0BQHF01MK,SQL Database Single Standard - S0,81fcedaf-037f-4579-a70a-489ec221e86e,Azure for Students,Microsoft,,Microsoft,rg-idp-pipeline-dev,/subscriptions/81FCEDAF-037F-4579-A70A-489EC221E86E/resourceGroups/rg-idp-pipeline-dev/providers/Microsoft.Sql/servers/sqlsrv-idp-pipeline-dev-gf9uc/databases/sqldb-idp-pipeline-invoices,centralindia,IN Central,0,0.9999999983999996,1/Day,Usage,USD,USD,0,0,0,0,0,1,09/01/2026,True,,,"{""ConsumptionMeter"":""ad4d0278-4c8f-4298-a99b-1952ec4440b9""}",,0,UsageBased,,,,OnDemand,0,,,,Azure
,,23daa3d2-aa92-586f-272b-48275276e77b,Sameer,ENPW-W6U2-BG7-PGB,Sameer Ali,8374da0f-43ff-4368-a294-2291e18a57a9,Sameer Ali,,,,,,10/01/2026,09/01/2026,09/09/2026,Databases,a6ef7f43-9e08-4534-c153-4ef8bc5a487d,Azure plan,microsoft.documentdb,4be20b1b-7130-5853-851a-4665a2c0cbcd,Data Stored,Azure Cosmos DB,Azure Cosmos DB,IN Central,DZH318Z0BPJH010G,Azure Cosmos DB - Free Tier - IN Central,81fcedaf-037f-4579-a70a-489ec221e86e,Azure for Students,Microsoft,,Microsoft,hojayega-rg,/subscriptions/81fcedaf-037f-4579-a70a-489ec221e86e/resourceGroups/hojayega-rg/providers/microsoft.documentdb/databaseaccounts/hojayega-db,centralindia,IN Central,0,0.000003465016682943,1 GB/Month,Usage,USD,USD,0,0,0,0,0,1,09/01/2026,True,,,"{""GlobalDatabaseAccountName"":""hojayega-db"",""CollectionName"":"""",""CollectionRid"":""8AR4AA=="",""DatabaseName"":""hojayega"",""UsageType"":""Storage"",""Region"":""Central India"",""IsColdTierContainer"":""false""}",,0,UsageBased,,,,OnDemand,0,,,,Azure
,,23daa3d2-aa92-586f-272b-48275276e77b,Sameer,ENPW-W6U2-BG7-PGB,Sameer Ali,8374da0f-43ff-4368-a294-2291e18a57a9,Sameer Ali,,,,,,10/01/2026,09/01/2026,09/09/2026,Storage,a6ef7f43-9e08-4534-c153-4ef8bc5a487d,Azure plan,Microsoft.Compute,5909273e-c5d4-41c8-afba-506e73d33ece,E4 LRS Disk,Storage,Standard SSD Managed Disks,IN Central,DZH318Z0BP8800D7,Standard SSD Managed Disks - E4 LRS - IN Central,81fcedaf-037f-4579-a70a-489ec221e86e,Azure for Students,Microsoft,,Microsoft,DEVOPS,/subscriptions/81fcedaf-037f-4579-a70a-489ec221e86e/resourceGroups/DEVOPS/providers/Microsoft.Compute/disks/Subhan-DevOps_OsDisk_1_0a95fa147340450695f88c69134f5dfc,centralindia,IN Central,2.64,0.03333600000000001,1/Month,Usage,USD,USD,0.08800704,0.08800704,0.08800704,0.08800704,0.08800704,1,09/01/2026,True,,,,,2.64,UsageBased,,,,OnDemand,2.64,,,,Azure
,,23daa3d2-aa92-586f-272b-48275276e77b,Sameer,ENPW-W6U2-BG7-PGB,Sameer Ali,8374da0f-43ff-4368-a294-2291e18a57a9,Sameer Ali,,,,,,10/01/2026,09/01/2026,09/05/2026,Storage,a6ef7f43-9e08-4534-c153-4ef8bc5a487d,Azure plan,Microsoft.Storage,67a3a3fd-826f-42c1-8843-bffa14f0da13,Hot LRS Data Stored - Free,Storage,Blob Storage,,DZH318Z0BNZJ00GG,Blob Storage - Hot LRS,81fcedaf-037f-4579-a70a-489ec221e86e,Azure for Students,Microsoft,,Microsoft,hojayega-rg,/subscriptions/81fcedaf-037f-4579-a70a-489ec221e86e/resourceGroups/hojayega-rg/providers/Microsoft.Storage/storageAccounts/hojayegastore,centralindia,IN Central,0,0.000024,1 GB/Month,Usage,USD,USD,0,0,0,0,0,1,09/01/2026,True,,,"{""ConsumptionMeter"":""5c7a80d0-80f2-45f7-9135-4b4ac42adf49""}",,0,UsageBased,,,,OnDemand,0,,,,Azure
,,23daa3d2-aa92-586f-272b-48275276e77b,Sameer,ENPW-W6U2-BG7-PGB,Sameer Ali,8374da0f-43ff-4368-a294-2291e18a57a9,Sameer Ali,,,,,,10/01/2026,09/01/2026,09/05/2026,Compute,a6ef7f43-9e08-4534-c153-4ef8bc5a487d,Azure plan,microsoft.web,a90aec9f-eecb-42c7-8421-9b96716996dc,F1 App,Azure App Service,Azure App Service Free Plan - Linux,,DZH318Z0C1K20001,Azure App Service Free Plan - Linux - F1,81fcedaf-037f-4579-a70a-489ec221e86e,Azure for Students,Microsoft,,Microsoft,hojayega-rg,/subscriptions/81fcedaf-037f-4579-a70a-489ec221e86e/resourcegroups/hojayega-rg/providers/microsoft.web/sites/hojayega-api-v2,centralindia,IN Central,0,0.032256000000000014,1 Hour,Usage,USD,USD,0,0,0,0,0,1,09/01/2026,True,,,"{""AppServicePlanUri"":""/subscriptions/81fcedaf-037f-4579-a70a-489ec221e86e/resourcegroups/hojayega-rg/providers/microsoft.web/serverfarms/hojayega-plan-b1""}",,0,UsageBased,,,,OnDemand,0,,,,Azure
,,23daa3d2-aa92-586f-272b-48275276e77b,Sameer,ENPW-W6U2-BG7-PGB,Sameer Ali,8374da0f-43ff-4368-a294-2291e18a57a9,Sameer Ali,,,,,,10/01/2026,09/01/2026,09/05/2026,Storage,a6ef7f43-9e08-4534-c153-4ef8bc5a487d,Azure plan,Microsoft.Compute,5909273e-c5d4-41c8-afba-506e73d33ece,E4 LRS Disk,Storage,Standard SSD Managed Disks,IN Central,DZH318Z0BP8800D7,Standard SSD Managed Disks - E4 LRS - IN Central,81fcedaf-037f-4579-a70a-489ec221e86e,Azure for Students,Microsoft,,Microsoft,DEVOPS,/subscriptions/81fcedaf-037f-4579-a70a-489ec221e86e/resourceGroups/DEVOPS/providers/Microsoft.Compute/disks/Subhan-DevOps_OsDisk_1_0a95fa147340450695f88c69134f5dfc,centralindia,IN Central,2.64,0.03333600000000001,1/Month,Usage,USD,USD,0.08800704,0.08800704,0.08800704,0.08800704,0.08800704,1,09/01/2026,True,,,,,2.64,UsageBased,,,,OnDemand,2.64,,,,Azure
,,23daa3d2-aa92-586f-272b-48275276e77b,Sameer,ENPW-W6U2-BG7-PGB,Sameer Ali,8374da0f-43ff-4368-a294-2291e18a57a9,Sameer Ali,,,,,,10/01/2026,09/01/2026,09/01/2026,Storage,a6ef7f43-9e08-4534-c153-4ef8bc5a487d,Azure plan,Microsoft.Compute,ed9e91d2-0f0c-4d55-b3dd-7f69d4708b22,P4 LRS Disk,Storage,Premium SSD Managed Disks,IN Central,DZH318Z0BP04003T,Premium SSD Managed Disks - P4 - IN Central,81fcedaf-037f-4579-a70a-489ec221e86e,Azure for Students,Microsoft,,Microsoft,SAMEER-TESTINGS,/subscriptions/81fcedaf-037f-4579-a70a-489ec221e86e/resourceGroups/SAMEER-TESTINGS/providers/Microsoft.Compute/disks/sameerVM_OsDisk_2_f0daf3c5e5da4d0bb983573714461a3a,centralindia,IN Central,5.2795,0.03333600000000001,1/Month,Usage,USD,USD,0.175997412,0.175997412,0.175997412,0.175997412,0.175997412,1,09/01/2026,True,,,,,5.2795,UsageBased,,,,OnDemand,5.2795,,,,Azure
,,23daa3d2-aa92-586f-272b-48275276e77b,Sameer,ENPW-W6U2-BG7-PGB,Sameer Ali,8374da0f-43ff-4368-a294-2291e18a57a9,Sameer Ali,,,,,,10/01/2026,09/01/2026,09/07/2026,Storage,a6ef7f43-9e08-4534-c153-4ef8bc5a487d,Azure plan,Microsoft.Storage,67a3a3fd-826f-42c1-8843-bffa14f0da13,Hot LRS Data Stored - Free,Storage,Blob Storage,,DZH318Z0BNZJ00GG,Blob Storage - Hot LRS,81fcedaf-037f-4579-a70a-489ec221e86e,Azure for Students,Microsoft,,Microsoft,hojayega-rg,/subscriptions/81fcedaf-037f-4579-a70a-489ec221e86e/resourceGroups/hojayega-rg/providers/Microsoft.Storage/storageAccounts/hojayegastore,centralindia,IN Central,0,0.000024,1 GB/Month,Usage,USD,USD,0,0,0,0,0,1,09/01/2026,True,,,"{""ConsumptionMeter"":""5c7a80d0-80f2-45f7-9135-4b4ac42adf49""}",,0,UsageBased,,,,OnDemand,0,,,,Azure
,,23daa3d2-aa92-586f-272b-48275276e77b,Sameer,ENPW-W6U2-BG7-PGB,Sameer Ali,8374da0f-43ff-4368-a294-2291e18a57a9,Sameer Ali,,,,,,10/01/2026,09/01/2026,09/07/2026,Storage,a6ef7f43-9e08-4534-c153-4ef8bc5a487d,Azure plan,Microsoft.Compute,ed9e91d2-0f0c-4d55-b3dd-7f69d4708b22,P4 LRS Disk,Storage,Premium SSD Managed Disks,IN Central,DZH318Z0BP04003T,Premium SSD Managed Disks - P4 - IN Central,81fcedaf-037f-4579-a70a-489ec221e86e,Azure for Students,Microsoft,,Microsoft,SAMEER-TESTINGS,/subscriptions/81fcedaf-037f-4579-a70a-489ec221e86e/resourceGroups/SAMEER-TESTINGS/providers/Microsoft.Compute/disks/sameerVM_OsDisk_2_f0daf3c5e5da4d0bb983573714461a3a,centralindia,IN Central,5.2795,0.03333600000000001,1/Month,Usage,USD,USD,0.175997412,0.175997412,0.175997412,0.175997412,0.175997412,1,09/01/2026,True,,,,,5.2795,UsageBased,,,,OnDemand,5.2795,,,,Azure
,,23daa3d2-aa92-586f-272b-48275276e77b,Sameer,ENPW-W6U2-BG7-PGB,Sameer Ali,8374da0f-43ff-4368-a294-2291e18a57a9,Sameer Ali,,,,,,10/01/2026,09/01/2026,09/07/2026,Compute,a6ef7f43-9e08-4534-c153-4ef8bc5a487d,Azure plan,microsoft.web,a90aec9f-eecb-42c7-8421-9b96716996dc,F1 App,Azure App Service,Azure App Service Free Plan - Linux,,DZH318Z0C1K20001,Azure App Service Free Plan - Linux - F1,81fcedaf-037f-4579-a70a-489ec221e86e,Azure for Students,Microsoft,,Microsoft,rg-idp-pipeline-dev,/subscriptions/81fcedaf-037f-4579-a70a-489ec221e86e/resourcegroups/rg-idp-pipeline-dev/providers/microsoft.web/sites/func-idp-worker-1613,centralindia,IN Central,0,0.032256000000000014,1 Hour,Usage,USD,USD,0,0,0,0,0,1,09/01/2026,True,,,"{""AppServicePlanUri"":""/subscriptions/81fcedaf-037f-4579-a70a-489ec221e86e/resourcegroups/rg-idp-pipeline-dev/providers/microsoft.web/serverfarms/centralindialinuxdynamicplan""}",,0,UsageBased,,,,OnDemand,0,,,,Azure
,,23daa3d2-aa92-586f-272b-48275276e77b,Sameer,ENPW-W6U2-BG7-PGB,Sameer Ali,8374da0f-43ff-4368-a294-2291e18a57a9,Sameer Ali,,,,,,10/01/2026,09/01/2026,09/08/2026,Storage,a6ef7f43-9e08-4534-c153-4ef8bc5a487d,Azure plan,Microsoft.Compute,5909273e-c5d4-41c8-afba-506e73d33ece,E4 LRS Disk,Storage,Standard SSD Managed Disks,IN Central,DZH318Z0BP8800D7,Standard SSD Managed Disks - E4 LRS - IN Central,81fcedaf-037f-4579-a70a-489ec221e86e,Azure for Students,Microsoft,,Microsoft,DEVOPS,/subscriptions/81fcedaf-037f-4579-a70a-489ec221e86e/resourceGroups/DEVOPS/providers/Microsoft.Compute/disks/Subhan-DevOps_OsDisk_1_0a95fa147340450695f88c69134f5dfc,centralindia,IN Central,2.64,0.03333600000000001,1/Month,Usage,USD,USD,0.08800704,0.08800704,0.08800704,0.08800704,0.08800704,1,09/01/2026,True,,,,,2.64,UsageBased,,,,OnDemand,2.64,,,,Azure
,,23daa3d2-aa92-586f-272b-48275276e77b,Sameer,ENPW-W6U2-BG7-PGB,Sameer Ali,8374da0f-43ff-4368-a294-2291e18a57a9,Sameer Ali,,,,,,10/01/2026,09/01/2026,09/08/2026,Networking,a6ef7f43-9e08-4534-c153-4ef8bc5a487d,Azure plan,microsoft.network,9c150bf9-2bad-430e-a53c-c213804f49ef,Standard IPv4 Static Public IP,Virtual Network,IP Addresses,,DZH318Z0BNXN0033,IP Addresses - Standard IPv4,81fcedaf-037f-4579-a70a-489ec221e86e,Azure for Students,Microsoft,,Microsoft,sameer-testings,/subscriptions/81fcedaf-037f-4579-a70a-489ec221e86e/resourcegroups/sameer-testings/providers/microsoft.network/publicipaddresses/sameervm-ip,centralindia,IN Central,0.005,24,1 Hour,Usage,USD,USD,0.12,0.12,0.12,0.12,0.12,1,09/01/2026,True,,,,,0.005,UsageBased,,,,OnDemand,0.005,,,,Azure
,,23daa3d2-aa92-586f-272b-48275276e77b,Sameer,ENPW-W6U2-BG7-PGB,Sameer Ali,8374da0f-43ff-4368-a294-2291e18a57a9,Sameer Ali,,,,,,10/01/2026,09/01/2026,09/09/2026,Storage,a6ef7f43-9e08-4534-c153-4ef8bc5a487d,Azure plan,Microsoft.Storage,6207404d-3389-4d20-9087-cc078ddc3fd9,Read Operations - Free,Storage,Files,,DZH318Z0BP0B004M,Files - LRS,81fcedaf-037f-4579-a70a-489ec221e86e,Azure for Students,Microsoft,,Microsoft,FinOpsIQ,/subscriptions/81fcedaf-037f-4579-a70a-489ec221e86e/resourceGroups/FinOpsIQ/providers/Microsoft.Storage/storageAccounts/finopsiqstore4j951m,centralindia,IN Central,0,0.0002,10K,Usage,USD,USD,0,0,0,0,0,1,09/01/2026,True,,,"{""ConsumptionMeter"":""761abab8-259d-4206-a6ae-707ed03fc540""}",,0,UsageBased,,,,OnDemand,0,,,,Azure
,,23daa3d2-aa92-586f-272b-48275276e77b,Sameer,ENPW-W6U2-BG7-PGB,Sameer Ali,8374da0f-43ff-4368-a294-2291e18a57a9,Sameer Ali,,,,,,10/01/2026,09/01/2026,09/09/2026,Storage,a6ef7f43-9e08-4534-c153-4ef8bc5a487d,Azure plan,Microsoft.Storage,67a3a3fd-826f-42c1-8843-bffa14f0da13,Hot LRS Data Stored - Free,Storage,Blob Storage,,DZH318Z0BNZJ00GG,Blob Storage - Hot LRS,81fcedaf-037f-4579-a70a-489ec221e86e,Azure for Students,Microsoft,,Microsoft,rg-idp-pipeline-dev,/subscriptions/81fcedaf-037f-4579-a70a-489ec221e86e/resourceGroups/rg-idp-pipeline-dev/providers/Microsoft.Storage/storageAccounts/stidpdevgf9uc,centralindia,IN Central,0,0.000624,1 GB/Month,Usage,USD,USD,0,0,0,0,0,1,09/01/2026,True,,,"{""ConsumptionMeter"":""5c7a80d0-80f2-45f7-9135-4b4ac42adf49""}",,0,UsageBased,,,,OnDemand,0,,,,Azure
,,23daa3d2-aa92-586f-272b-48275276e77b,Sameer,ENPW-W6U2-BG7-PGB,Sameer Ali,8374da0f-43ff-4368-a294-2291e18a57a9,Sameer Ali,,,,,,10/01/2026,09/01/2026,09/07/2026,Storage,a6ef7f43-9e08-4534-c153-4ef8bc5a487d,Azure plan,Microsoft.Storage,67a3a3fd-826f-42c1-8843-bffa14f0da13,Hot LRS Data Stored - Free,Storage,Blob Storage,,DZH318Z0BNZJ00GG,Blob Storage - Hot LRS,81fcedaf-037f-4579-a70a-489ec221e86e,Azure for Students,Microsoft,,Microsoft,rg-idp-pipeline-dev,/subscriptions/81fcedaf-037f-4579-a70a-489ec221e86e/resourceGroups/rg-idp-pipeline-dev/providers/Microsoft.Storage/storageAccounts/stidpdevgf9uc,centralindia,IN Central,0,0.000624,1 GB/Month,Usage,USD,USD,0,0,0,0,0,1,09/01/2026,True,,,"{""ConsumptionMeter"":""5c7a80d0-80f2-45f7-9135-4b4ac42adf49""}",,0,UsageBased,,,,OnDemand,0,,,,Azure
,,23daa3d2-aa92-586f-272b-48275276e77b,Sameer,ENPW-W6U2-BG7-PGB,Sameer Ali,8374da0f-43ff-4368-a294-2291e18a57a9,Sameer Ali,,,,,,10/01/2026,09/01/2026,09/03/2026,Storage,a6ef7f43-9e08-4534-c153-4ef8bc5a487d,Azure plan,Microsoft.Storage,67a3a3fd-826f-42c1-8843-bffa14f0da13,Hot LRS Data Stored - Free,Storage,Blob Storage,,DZH318Z0BNZJ00GG,Blob Storage - Hot LRS,81fcedaf-037f-4579-a70a-489ec221e86e,Azure for Students,Microsoft,,Microsoft,rg-idp-pipeline-dev,/subscriptions/81fcedaf-037f-4579-a70a-489ec221e86e/resourceGroups/rg-idp-pipeline-dev/providers/Microsoft.Storage/storageAccounts/stidpdevgf9uc,centralindia,IN Central,0,0.000624,1 GB/Month,Usage,USD,USD,0,0,0,0,0,1,09/01/2026,True,,,"{""ConsumptionMeter"":""5c7a80d0-80f2-45f7-9135-4b4ac42adf49""}",,0,UsageBased,,,,OnDemand,0,,,,Azure
,,23daa3d2-aa92-586f-272b-48275276e77b,Sameer,ENPW-W6U2-BG7-PGB,Sameer Ali,8374da0f-43ff-4368-a294-2291e18a57a9,Sameer Ali,,,,,,10/01/2026,09/01/2026,09/09/2026,Networking,a6ef7f43-9e08-4534-c153-4ef8bc5a487d,Azure plan,microsoft.network,9c150bf9-2bad-430e-a53c-c213804f49ef,Standard IPv4 Static Public IP,Virtual Network,IP Addresses,,DZH318Z0BNXN0033,IP Addresses - Standard IPv4,81fcedaf-037f-4579-a70a-489ec221e86e,Azure for Students,Microsoft,,Microsoft,sameer-testings,/subscriptions/81fcedaf-037f-4579-a70a-489ec221e86e/resourcegroups/sameer-testings/providers/microsoft.network/publicipaddresses/sameervm-ip,centralindia,IN Central,0.005,24,1 Hour,Usage,USD,USD,0.12,0.12,0.12,0.12,0.12,1,09/01/2026,True,,,,,0.005,UsageBased,,,,OnDemand,0.005,,,,Azure
,,23daa3d2-aa92-586f-272b-48275276e77b,Sameer,ENPW-W6U2-BG7-PGB,Sameer Ali,8374da0f-43ff-4368-a294-2291e18a57a9,Sameer Ali,,,,,,10/01/2026,09/01/2026,09/08/2026,Storage,a6ef7f43-9e08-4534-c153-4ef8bc5a487d,Azure plan,Microsoft.Compute,ed9e91d2-0f0c-4d55-b3dd-7f69d4708b22,P4 LRS Disk,Storage,Premium SSD Managed Disks,IN Central,DZH318Z0BP04003T,Premium SSD Managed Disks - P4 - IN Central,81fcedaf-037f-4579-a70a-489ec221e86e,Azure for Students,Microsoft,,Microsoft,SAMEER-TESTINGS,/subscriptions/81fcedaf-037f-4579-a70a-489ec221e86e/resourceGroups/SAMEER-TESTINGS/providers/Microsoft.Compute/disks/sameerVM_OsDisk_2_f0daf3c5e5da4d0bb983573714461a3a,centralindia,IN Central,5.2795,0.03333600000000001,1/Month,Usage,USD,USD,0.175997412,0.175997412,0.175997412,0.175997412,0.175997412,1,09/01/2026,True,,,,,5.2795,UsageBased,,,,OnDemand,5.2795,,,,Azure
,,23daa3d2-aa92-586f-272b-48275276e77b,Sameer,ENPW-W6U2-BG7-PGB,Sameer Ali,8374da0f-43ff-4368-a294-2291e18a57a9,Sameer Ali,,,,,,10/01/2026,09/01/2026,09/03/2026,Databases,a6ef7f43-9e08-4534-c153-4ef8bc5a487d,Azure plan,microsoft.documentdb,7f36e57d-5b13-5235-b776-1e54d3417278,100 RU/s,Azure Cosmos DB,Azure Cosmos DB,IN Central,DZH318Z0BPJH010G,Azure Cosmos DB - Free Tier - IN Central,81fcedaf-037f-4579-a70a-489ec221e86e,Azure for Students,Microsoft,,Microsoft,hojayega-rg,/subscriptions/81fcedaf-037f-4579-a70a-489ec221e86e/resourceGroups/hojayega-rg/providers/microsoft.documentdb/databaseaccounts/hojayega-db,centralindia,IN Central,0,240,1/Hour,Usage,USD,USD,0,0,0,0,0,1,09/01/2026,True,,,"{""GlobalDatabaseAccountName"":""hojayega-db"",""CollectionName"":"""",""CollectionRid"":""8AR4AA=="",""DatabaseName"":""hojayega"",""UsageType"":""ProvisioningThroughput"",""Region"":""Central India""}",,0,UsageBased,,,,OnDemand,0,,,,Azure
,,23daa3d2-aa92-586f-272b-48275276e77b,Sameer,ENPW-W6U2-BG7-PGB,Sameer Ali,8374da0f-43ff-4368-a294-2291e18a57a9,Sameer Ali,,,,,,10/01/2026,09/01/2026,09/01/2026,Analytics,a6ef7f43-9e08-4534-c153-4ef8bc5a487d,Azure plan,Microsoft.SignalRService,799e5620-1547-45f2-96fe-8df86291fd7c,Standard Unit - Free,SignalR,SignalR,,DZH318Z0BP4V0007,SignalR,81fcedaf-037f-4579-a70a-489ec221e86e,Azure for Students,Microsoft,,Microsoft,rg-idp-pipeline-dev,/subscriptions/81fcedaf-037f-4579-a70a-489ec221e86e/resourceGroups/rg-idp-pipeline-dev/providers/Microsoft.SignalRService/SignalR/sigr-idp-pipeline-dev-rt7ez,centralindia,IN Central,0,1,1/Day,Usage,USD,USD,0,0,0,0,0,1,09/01/2026,True,,,,,0,UsageBased,,,,OnDemand,0,,,,Azure
,,23daa3d2-aa92-586f-272b-48275276e77b,Sameer,ENPW-W6U2-BG7-PGB,Sameer Ali,8374da0f-43ff-4368-a294-2291e18a57a9,Sameer Ali,,,,,,10/01/2026,09/01/2026,09/01/2026,Databases,a6ef7f43-9e08-4534-c153-4ef8bc5a487d,Azure plan,microsoft.documentdb,4be20b1b-7130-5853-851a-4665a2c0cbcd,Data Stored,Azure Cosmos DB,Azure Cosmos DB,IN Central,DZH318Z0BPJH010G,Azure Cosmos DB - Free Tier - IN Central,81fcedaf-037f-4579-a70a-489ec221e86e,Azure for Students,Microsoft,,Microsoft,hojayega-rg,/subscriptions/81fcedaf-037f-4579-a70a-489ec221e86e/resourceGroups/hojayega-rg/providers/microsoft.documentdb/databaseaccounts/hojayega-db,centralindia,IN Central,0,0.000003465016682943,1 GB/Month,Usage,USD,USD,0,0,0,0,0,1,09/01/2026,True,,,"{""GlobalDatabaseAccountName"":""hojayega-db"",""CollectionName"":"""",""CollectionRid"":""8AR4AA=="",""DatabaseName"":""hojayega"",""UsageType"":""Storage"",""Region"":""Central India"",""IsColdTierContainer"":""false""}",,0,UsageBased,,,,OnDemand,0,,,,Azure
,,23daa3d2-aa92-586f-272b-48275276e77b,Sameer,ENPW-W6U2-BG7-PGB,Sameer Ali,8374da0f-43ff-4368-a294-2291e18a57a9,Sameer Ali,,,,,,10/01/2026,09/01/2026,09/01/2026,Databases,a6ef7f43-9e08-4534-c153-4ef8bc5a487d,Azure plan,microsoft.documentdb,7f36e57d-5b13-5235-b776-1e54d3417278,100 RU/s,Azure Cosmos DB,Azure Cosmos DB,IN Central,DZH318Z0BPJH010G,Azure Cosmos DB - Free Tier - IN Central,81fcedaf-037f-4579-a70a-489ec221e86e,Azure for Students,Microsoft,,Microsoft,hojayega-rg,/subscriptions/81fcedaf-037f-4579-a70a-489ec221e86e/resourceGroups/hojayega-rg/providers/microsoft.documentdb/databaseaccounts/hojayega-db,centralindia,IN Central,0,240,1/Hour,Usage,USD,USD,0,0,0,0,0,1,09/01/2026,True,,,"{""GlobalDatabaseAccountName"":""hojayega-db"",""CollectionName"":"""",""CollectionRid"":""8AR4AA=="",""DatabaseName"":""hojayega"",""UsageType"":""ProvisioningThroughput"",""Region"":""Central India""}",,0,UsageBased,,,,OnDemand,0,,,,Azure
,,23daa3d2-aa92-586f-272b-48275276e77b,Sameer,ENPW-W6U2-BG7-PGB,Sameer Ali,8374da0f-43ff-4368-a294-2291e18a57a9,Sameer Ali,,,,,,10/01/2026,09/01/2026,09/07/2026,Databases,a6ef7f43-9e08-4534-c153-4ef8bc5a487d,Azure plan,microsoft.documentdb,7f36e57d-5b13-5235-b776-1e54d3417278,100 RU/s,Azure Cosmos DB,Azure Cosmos DB,IN Central,DZH318Z0BPJH010G,Azure Cosmos DB - Free Tier - IN Central,81fcedaf-037f-4579-a70a-489ec221e86e,Azure for Students,Microsoft,,Microsoft,hojayega-rg,/subscriptions/81fcedaf-037f-4579-a70a-489ec221e86e/resourceGroups/hojayega-rg/providers/microsoft.documentdb/databaseaccounts/hojayega-db,centralindia,IN Central,0,240,1/Hour,Usage,USD,USD,0,0,0,0,0,1,09/01/2026,True,,,"{""GlobalDatabaseAccountName"":""hojayega-db"",""CollectionName"":"""",""CollectionRid"":""8AR4AA=="",""DatabaseName"":""hojayega"",""UsageType"":""ProvisioningThroughput"",""Region"":""Central India""}",,0,UsageBased,,,,OnDemand,0,,,,Azure
,,23daa3d2-aa92-586f-272b-48275276e77b,Sameer,ENPW-W6U2-BG7-PGB,Sameer Ali,8374da0f-43ff-4368-a294-2291e18a57a9,Sameer Ali,,,,,,10/01/2026,09/01/2026,09/02/2026,Networking,a6ef7f43-9e08-4534-c153-4ef8bc5a487d,Azure plan,microsoft.network,9c150bf9-2bad-430e-a53c-c213804f49ef,Standard IPv4 Static Public IP,Virtual Network,IP Addresses,,DZH318Z0BNXN0033,IP Addresses - Standard IPv4,81fcedaf-037f-4579-a70a-489ec221e86e,Azure for Students,Microsoft,,Microsoft,sameer-testings,/subscriptions/81fcedaf-037f-4579-a70a-489ec221e86e/resourcegroups/sameer-testings/providers/microsoft.network/publicipaddresses/sameervm-ip,centralindia,IN Central,0.005,24,1 Hour,Usage,USD,USD,0.12,0.12,0.12,0.12,0.12,1,09/01/2026,True,,,,,0.005,UsageBased,,,,OnDemand,0.005,,,,Azure
,,23daa3d2-aa92-586f-272b-48275276e77b,Sameer,ENPW-W6U2-BG7-PGB,Sameer Ali,8374da0f-43ff-4368-a294-2291e18a57a9,Sameer Ali,,,,,,10/01/2026,09/01/2026,09/02/2026,Storage,a6ef7f43-9e08-4534-c153-4ef8bc5a487d,Azure plan,Microsoft.Compute,ed9e91d2-0f0c-4d55-b3dd-7f69d4708b22,P4 LRS Disk,Storage,Premium SSD Managed Disks,IN Central,DZH318Z0BP04003T,Premium SSD Managed Disks - P4 - IN Central,81fcedaf-037f-4579-a70a-489ec221e86e,Azure for Students,Microsoft,,Microsoft,SAMEER-TESTINGS,/subscriptions/81fcedaf-037f-4579-a70a-489ec221e86e/resourceGroups/SAMEER-TESTINGS/providers/Microsoft.Compute/disks/sameerVM_OsDisk_2_f0daf3c5e5da4d0bb983573714461a3a,centralindia,IN Central,5.2795,0.03333600000000001,1/Month,Usage,USD,USD,0.175997412,0.175997412,0.175997412,0.175997412,0.175997412,1,09/01/2026,True,,,,,5.2795,UsageBased,,,,OnDemand,5.2795,,,,Azure
,,23daa3d2-aa92-586f-272b-48275276e77b,Sameer,ENPW-W6U2-BG7-PGB,Sameer Ali,8374da0f-43ff-4368-a294-2291e18a57a9,Sameer Ali,,,,,,10/01/2026,09/01/2026,09/04/2026,Networking,a6ef7f43-9e08-4534-c153-4ef8bc5a487d,Azure plan,microsoft.network,9c150bf9-2bad-430e-a53c-c213804f49ef,Standard IPv4 Static Public IP,Virtual Network,IP Addresses,,DZH318Z0BNXN0033,IP Addresses - Standard IPv4,81fcedaf-037f-4579-a70a-489ec221e86e,Azure for Students,Microsoft,,Microsoft,sameer-testings,/subscriptions/81fcedaf-037f-4579-a70a-489ec221e86e/resourcegroups/sameer-testings/providers/microsoft.network/publicipaddresses/sameervm-ip,centralindia,IN Central,0.005,24,1 Hour,Usage,USD,USD,0.12,0.12,0.12,0.12,0.12,1,09/01/2026,True,,,,,0.005,UsageBased,,,,OnDemand,0.005,,,,Azure
,,23daa3d2-aa92-586f-272b-48275276e77b,Sameer,ENPW-W6U2-BG7-PGB,Sameer Ali,8374da0f-43ff-4368-a294-2291e18a57a9,Sameer Ali,,,,,,10/01/2026,09/01/2026,09/08/2026,Storage,a6ef7f43-9e08-4534-c153-4ef8bc5a487d,Azure plan,Microsoft.Storage,67a3a3fd-826f-42c1-8843-bffa14f0da13,Hot LRS Data Stored - Free,Storage,Blob Storage,,DZH318Z0BNZJ00GG,Blob Storage - Hot LRS,81fcedaf-037f-4579-a70a-489ec221e86e,Azure for Students,Microsoft,,Microsoft,hojayega-rg,/subscriptions/81fcedaf-037f-4579-a70a-489ec221e86e/resourceGroups/hojayega-rg/providers/Microsoft.Storage/storageAccounts/hojayegastore,centralindia,IN Central,0,0.000024,1 GB/Month,Usage,USD,USD,0,0,0,0,0,1,09/01/2026,True,,,"{""ConsumptionMeter"":""5c7a80d0-80f2-45f7-9135-4b4ac42adf49""}",,0,UsageBased,,,,OnDemand,0,,,,Azure
,,23daa3d2-aa92-586f-272b-48275276e77b,Sameer,ENPW-W6U2-BG7-PGB,Sameer Ali,8374da0f-43ff-4368-a294-2291e18a57a9,Sameer Ali,,,,,,10/01/2026,09/01/2026,09/03/2026,Compute,a6ef7f43-9e08-4534-c153-4ef8bc5a487d,Azure plan,microsoft.web,a90aec9f-eecb-42c7-8421-9b96716996dc,F1 App,Azure App Service,Azure App Service Free Plan - Linux,,DZH318Z0C1K20001,Azure App Service Free Plan - Linux - F1,81fcedaf-037f-4579-a70a-489ec221e86e,Azure for Students,Microsoft,,Microsoft,rg-idp-pipeline-dev,/subscriptions/81fcedaf-037f-4579-a70a-489ec221e86e/resourcegroups/rg-idp-pipeline-dev/providers/microsoft.web/sites/func-idp-worker-1613,centralindia,IN Central,0,0.032256000000000014,1 Hour,Usage,USD,USD,0,0,0,0,0,1,09/01/2026,True,,,"{""AppServicePlanUri"":""/subscriptions/81fcedaf-037f-4579-a70a-489ec221e86e/resourcegroups/rg-idp-pipeline-dev/providers/microsoft.web/serverfarms/centralindialinuxdynamicplan""}",,0,UsageBased,,,,OnDemand,0,,,,Azure
,,23daa3d2-aa92-586f-272b-48275276e77b,Sameer,ENPW-W6U2-BG7-PGB,Sameer Ali,8374da0f-43ff-4368-a294-2291e18a57a9,Sameer Ali,,,,,,10/01/2026,09/01/2026,09/01/2026,Storage,a6ef7f43-9e08-4534-c153-4ef8bc5a487d,Azure plan,Microsoft.Storage,67a3a3fd-826f-42c1-8843-bffa14f0da13,Hot LRS Data Stored - Free,Storage,Blob Storage,,DZH318Z0BNZJ00GG,Blob Storage - Hot LRS,81fcedaf-037f-4579-a70a-489ec221e86e,Azure for Students,Microsoft,,Microsoft,rg-idp-pipeline-dev,/subscriptions/81fcedaf-037f-4579-a70a-489ec221e86e/resourceGroups/rg-idp-pipeline-dev/providers/Microsoft.Storage/storageAccounts/stidpdevgf9uc,centralindia,IN Central,0,0.000624,1 GB/Month,Usage,USD,USD,0,0,0,0,0,1,09/01/2026,True,,,"{""ConsumptionMeter"":""5c7a80d0-80f2-45f7-9135-4b4ac42adf49""}",,0,UsageBased,,,,OnDemand,0,,,,Azure
,,23daa3d2-aa92-586f-272b-48275276e77b,Sameer,ENPW-W6U2-BG7-PGB,Sameer Ali,8374da0f-43ff-4368-a294-2291e18a57a9,Sameer Ali,,,,,,10/01/2026,09/01/2026,09/05/2026,Compute,a6ef7f43-9e08-4534-c153-4ef8bc5a487d,Azure plan,microsoft.web,a90aec9f-eecb-42c7-8421-9b96716996dc,F1 App,Azure App Service,Azure App Service Free Plan - Linux,,DZH318Z0C1K20001,Azure App Service Free Plan - Linux - F1,81fcedaf-037f-4579-a70a-489ec221e86e,Azure for Students,Microsoft,,Microsoft,rg-idp-pipeline-dev,/subscriptions/81fcedaf-037f-4579-a70a-489ec221e86e/resourcegroups/rg-idp-pipeline-dev/providers/microsoft.web/sites/func-idp-api-6413,centralindia,IN Central,0,0.032256000000000014,1 Hour,Usage,USD,USD,0,0,0,0,0,1,09/01/2026,True,,,"{""AppServicePlanUri"":""/subscriptions/81fcedaf-037f-4579-a70a-489ec221e86e/resourcegroups/rg-idp-pipeline-dev/providers/microsoft.web/serverfarms/centralindialinuxdynamicplan""}",,0,UsageBased,,,,OnDemand,0,,,,Azure
,,23daa3d2-aa92-586f-272b-48275276e77b,Sameer,ENPW-W6U2-BG7-PGB,Sameer Ali,8374da0f-43ff-4368-a294-2291e18a57a9,Sameer Ali,,,,,,10/01/2026,09/01/2026,09/04/2026,Databases,a6ef7f43-9e08-4534-c153-4ef8bc5a487d,Azure plan,Microsoft.Sql,dd6b69d3-9be0-4a91-abff-2c58bbcafd1d,S0 DTUs - Free,SQL Database,SQL Database Single Standard,,DZH318Z0BQHF01MK,SQL Database Single Standard - S0,81fcedaf-037f-4579-a70a-489ec221e86e,Azure for Students,Microsoft,,Microsoft,rg-idp-pipeline-dev,/subscriptions/81FCEDAF-037F-4579-A70A-489EC221E86E/resourceGroups/rg-idp-pipeline-dev/providers/Microsoft.Sql/servers/sqlsrv-idp-pipeline-dev-gf9uc/databases/sqldb-idp-pipeline-invoices,centralindia,IN Central,0,0.9999999983999996,1/Day,Usage,USD,USD,0,0,0,0,0,1,09/01/2026,True,,,"{""ConsumptionMeter"":""ad4d0278-4c8f-4298-a99b-1952ec4440b9""}",,0,UsageBased,,,,OnDemand,0,,,,Azure
,,23daa3d2-aa92-586f-272b-48275276e77b,Sameer,ENPW-W6U2-BG7-PGB,Sameer Ali,8374da0f-43ff-4368-a294-2291e18a57a9,Sameer Ali,,,,,,10/01/2026,09/01/2026,09/05/2026,Storage,a6ef7f43-9e08-4534-c153-4ef8bc5a487d,Azure plan,Microsoft.Storage,67a3a3fd-826f-42c1-8843-bffa14f0da13,Hot LRS Data Stored - Free,Storage,Blob Storage,,DZH318Z0BNZJ00GG,Blob Storage - Hot LRS,81fcedaf-037f-4579-a70a-489ec221e86e,Azure for Students,Microsoft,,Microsoft,rg-idp-pipeline-dev,/subscriptions/81fcedaf-037f-4579-a70a-489ec221e86e/resourceGroups/rg-idp-pipeline-dev/providers/Microsoft.Storage/storageAccounts/stidpdevgf9uc,centralindia,IN Central,0,0.000624,1 GB/Month,Usage,USD,USD,0,0,0,0,0,1,09/01/2026,True,,,"{""ConsumptionMeter"":""5c7a80d0-80f2-45f7-9135-4b4ac42adf49""}",,0,UsageBased,,,,OnDemand,0,,,,Azure
,,23daa3d2-aa92-586f-272b-48275276e77b,Sameer,ENPW-W6U2-BG7-PGB,Sameer Ali,8374da0f-43ff-4368-a294-2291e18a57a9,Sameer Ali,,,,,,10/01/2026,09/01/2026,09/05/2026,Compute,a6ef7f43-9e08-4534-c153-4ef8bc5a487d,Azure plan,microsoft.web,a90aec9f-eecb-42c7-8421-9b96716996dc,F1 App,Azure App Service,Azure App Service Free Plan - Linux,,DZH318Z0C1K20001,Azure App Service Free Plan - Linux - F1,81fcedaf-037f-4579-a70a-489ec221e86e,Azure for Students,Microsoft,,Microsoft,rg-idp-pipeline-dev,/subscriptions/81fcedaf-037f-4579-a70a-489ec221e86e/resourcegroups/rg-idp-pipeline-dev/providers/microsoft.web/sites/func-idp-worker-1613,centralindia,IN Central,0,0.032256000000000014,1 Hour,Usage,USD,USD,0,0,0,0,0,1,09/01/2026,True,,,"{""AppServicePlanUri"":""/subscriptions/81fcedaf-037f-4579-a70a-489ec221e86e/resourcegroups/rg-idp-pipeline-dev/providers/microsoft.web/serverfarms/centralindialinuxdynamicplan""}",,0,UsageBased,,,,OnDemand,0,,,,Azure
,,23daa3d2-aa92-586f-272b-48275276e77b,Sameer,ENPW-W6U2-BG7-PGB,Sameer Ali,8374da0f-43ff-4368-a294-2291e18a57a9,Sameer Ali,,,,,,10/01/2026,09/01/2026,09/05/2026,Databases,a6ef7f43-9e08-4534-c153-4ef8bc5a487d,Azure plan,Microsoft.Sql,dd6b69d3-9be0-4a91-abff-2c58bbcafd1d,S0 DTUs - Free,SQL Database,SQL Database Single Standard,,DZH318Z0BQHF01MK,SQL Database Single Standard - S0,81fcedaf-037f-4579-a70a-489ec221e86e,Azure for Students,Microsoft,,Microsoft,rg-idp-pipeline-dev,/subscriptions/81FCEDAF-037F-4579-A70A-489EC221E86E/resourceGroups/rg-idp-pipeline-dev/providers/Microsoft.Sql/servers/sqlsrv-idp-pipeline-dev-gf9uc/databases/sqldb-idp-pipeline-invoices,centralindia,IN Central,0,0.9999999983999996,1/Day,Usage,USD,USD,0,0,0,0,0,1,09/01/2026,True,,,"{""ConsumptionMeter"":""ad4d0278-4c8f-4298-a99b-1952ec4440b9""}",,0,UsageBased,,,,OnDemand,0,,,,Azure
,,23daa3d2-aa92-586f-272b-48275276e77b,Sameer,ENPW-W6U2-BG7-PGB,Sameer Ali,8374da0f-43ff-4368-a294-2291e18a57a9,Sameer Ali,,,,,,10/01/2026,09/01/2026,09/06/2026,Networking,a6ef7f43-9e08-4534-c153-4ef8bc5a487d,Azure plan,microsoft.network,9c150bf9-2bad-430e-a53c-c213804f49ef,Standard IPv4 Static Public IP,Virtual Network,IP Addresses,,DZH318Z0BNXN0033,IP Addresses - Standard IPv4,81fcedaf-037f-4579-a70a-489ec221e86e,Azure for Students,Microsoft,,Microsoft,devops,/subscriptions/81fcedaf-037f-4579-a70a-489ec221e86e/resourcegroups/devops/providers/microsoft.network/publicipaddresses/subhan-devops-ip,centralindia,IN Central,0.005,24,1 Hour,Usage,USD,USD,0.12,0.12,0.12,0.12,0.12,1,09/01/2026,True,,,,,0.005,UsageBased,,,,OnDemand,0.005,,,,Azure
,,23daa3d2-aa92-586f-272b-48275276e77b,Sameer,ENPW-W6U2-BG7-PGB,Sameer Ali,8374da0f-43ff-4368-a294-2291e18a57a9,Sameer Ali,,,,,,10/01/2026,09/01/2026,09/08/2026,Compute,a6ef7f43-9e08-4534-c153-4ef8bc5a487d,Azure plan,microsoft.web,a90aec9f-eecb-42c7-8421-9b96716996dc,F1 App,Azure App Service,Azure App Service Free Plan - Linux,,DZH318Z0C1K20001,Azure App Service Free Plan - Linux - F1,81fcedaf-037f-4579-a70a-489ec221e86e,Azure for Students,Microsoft,,Microsoft,rg-idp-pipeline-dev,/subscriptions/81fcedaf-037f-4579-a70a-489ec221e86e/resourcegroups/rg-idp-pipeline-dev/providers/microsoft.web/sites/func-idp-worker-1613,centralindia,IN Central,0,0.032256000000000014,1 Hour,Usage,USD,USD,0,0,0,0,0,1,09/01/2026,True,,,"{""AppServicePlanUri"":""/subscriptions/81fcedaf-037f-4579-a70a-489ec221e86e/resourcegroups/rg-idp-pipeline-dev/providers/microsoft.web/serverfarms/centralindialinuxdynamicplan""}",,0,UsageBased,,,,OnDemand,0,,,,Azure
,,23daa3d2-aa92-586f-272b-48275276e77b,Sameer,ENPW-W6U2-BG7-PGB,Sameer Ali,8374da0f-43ff-4368-a294-2291e18a57a9,Sameer Ali,,,,,,10/01/2026,09/01/2026,09/02/2026,Networking,a6ef7f43-9e08-4534-c153-4ef8bc5a487d,Azure plan,microsoft.network,9c150bf9-2bad-430e-a53c-c213804f49ef,Standard IPv4 Static Public IP,Virtual Network,IP Addresses,,DZH318Z0BNXN0033,IP Addresses - Standard IPv4,81fcedaf-037f-4579-a70a-489ec221e86e,Azure for Students,Microsoft,,Microsoft,devops,/subscriptions/81fcedaf-037f-4579-a70a-489ec221e86e/resourcegroups/devops/providers/microsoft.network/publicipaddresses/subhan-devops-ip,centralindia,IN Central,0.005,24,1 Hour,Usage,USD,USD,0.12,0.12,0.12,0.12,0.12,1,09/01/2026,True,,,,,0.005,UsageBased,,,,OnDemand,0.005,,,,Azure
,,23daa3d2-aa92-586f-272b-48275276e77b,Sameer,ENPW-W6U2-BG7-PGB,Sameer Ali,8374da0f-43ff-4368-a294-2291e18a57a9,Sameer Ali,,,,,,10/01/2026,09/01/2026,09/02/2026,Databases,a6ef7f43-9e08-4534-c153-4ef8bc5a487d,Azure plan,microsoft.documentdb,4be20b1b-7130-5853-851a-4665a2c0cbcd,Data Stored,Azure Cosmos DB,Azure Cosmos DB,IN Central,DZH318Z0BPJH010G,Azure Cosmos DB - Free Tier - IN Central,81fcedaf-037f-4579-a70a-489ec221e86e,Azure for Students,Microsoft,,Microsoft,hojayega-rg,/subscriptions/81fcedaf-037f-4579-a70a-489ec221e86e/resourceGroups/hojayega-rg/providers/microsoft.documentdb/databaseaccounts/hojayega-db,centralindia,IN Central,0,0.000003465016682943,1 GB/Month,Usage,USD,USD,0,0,0,0,0,1,09/01/2026,True,,,"{""GlobalDatabaseAccountName"":""hojayega-db"",""CollectionName"":"""",""CollectionRid"":""8AR4AA=="",""DatabaseName"":""hojayega"",""UsageType"":""Storage"",""Region"":""Central India"",""IsColdTierContainer"":""false""}",,0,UsageBased,,,,OnDemand,0,,,,Azure
,,23daa3d2-aa92-586f-272b-48275276e77b,Sameer,ENPW-W6U2-BG7-PGB,Sameer Ali,8374da0f-43ff-4368-a294-2291e18a57a9,Sameer Ali,,,,,,10/01/2026,09/01/2026,09/01/2026,Compute,a6ef7f43-9e08-4534-c153-4ef8bc5a487d,Azure plan,microsoft.web,a90aec9f-eecb-42c7-8421-9b96716996dc,F1 App,Azure App Service,Azure App Service Free Plan - Linux,,DZH318Z0C1K20001,Azure App Service Free Plan - Linux - F1,81fcedaf-037f-4579-a70a-489ec221e86e,Azure for Students,Microsoft,,Microsoft,rg-idp-pipeline-dev,/subscriptions/81fcedaf-037f-4579-a70a-489ec221e86e/resourcegroups/rg-idp-pipeline-dev/providers/microsoft.web/sites/func-idp-api-6413,centralindia,IN Central,0,0.032256000000000014,1 Hour,Usage,USD,USD,0,0,0,0,0,1,09/01/2026,True,,,"{""AppServicePlanUri"":""/subscriptions/81fcedaf-037f-4579-a70a-489ec221e86e/resourcegroups/rg-idp-pipeline-dev/providers/microsoft.web/serverfarms/centralindialinuxdynamicplan""}",,0,UsageBased,,,,OnDemand,0,,,,Azure
,,23daa3d2-aa92-586f-272b-48275276e77b,Sameer,ENPW-W6U2-BG7-PGB,Sameer Ali,8374da0f-43ff-4368-a294-2291e18a57a9,Sameer Ali,,,,,,10/01/2026,09/01/2026,09/06/2026,Storage,a6ef7f43-9e08-4534-c153-4ef8bc5a487d,Azure plan,Microsoft.Storage,67a3a3fd-826f-42c1-8843-bffa14f0da13,Hot LRS Data Stored - Free,Storage,Blob Storage,,DZH318Z0BNZJ00GG,Blob Storage - Hot LRS,81fcedaf-037f-4579-a70a-489ec221e86e,Azure for Students,Microsoft,,Microsoft,hojayega-rg,/subscriptions/81fcedaf-037f-4579-a70a-489ec221e86e/resourceGroups/hojayega-rg/providers/Microsoft.Storage/storageAccounts/hojayegastore,centralindia,IN Central,0,0.000024,1 GB/Month,Usage,USD,USD,0,0,0,0,0,1,09/01/2026,True,,,"{""ConsumptionMeter"":""5c7a80d0-80f2-45f7-9135-4b4ac42adf49""}",,0,UsageBased,,,,OnDemand,0,,,,Azure
,,23daa3d2-aa92-586f-272b-48275276e77b,Sameer,ENPW-W6U2-BG7-PGB,Sameer Ali,8374da0f-43ff-4368-a294-2291e18a57a9,Sameer Ali,,,,,,10/01/2026,09/01/2026,09/04/2026,Storage,a6ef7f43-9e08-4534-c153-4ef8bc5a487d,Azure plan,Microsoft.Storage,67a3a3fd-826f-42c1-8843-bffa14f0da13,Hot LRS Data Stored - Free,Storage,Blob Storage,,DZH318Z0BNZJ00GG,Blob Storage - Hot LRS,81fcedaf-037f-4579-a70a-489ec221e86e,Azure for Students,Microsoft,,Microsoft,rg-idp-pipeline-dev,/subscriptions/81fcedaf-037f-4579-a70a-489ec221e86e/resourceGroups/rg-idp-pipeline-dev/providers/Microsoft.Storage/storageAccounts/stidpdevgf9uc,centralindia,IN Central,0,0.000624,1 GB/Month,Usage,USD,USD,0,0,0,0,0,1,09/01/2026,True,,,"{""ConsumptionMeter"":""5c7a80d0-80f2-45f7-9135-4b4ac42adf49""}",,0,UsageBased,,,,OnDemand,0,,,,Azure
,,23daa3d2-aa92-586f-272b-48275276e77b,Sameer,ENPW-W6U2-BG7-PGB,Sameer Ali,8374da0f-43ff-4368-a294-2291e18a57a9,Sameer Ali,,,,,,10/01/2026,09/01/2026,09/08/2026,Compute,a6ef7f43-9e08-4534-c153-4ef8bc5a487d,Azure plan,microsoft.web,a90aec9f-eecb-42c7-8421-9b96716996dc,F1 App,Azure App Service,Azure App Service Free Plan - Linux,,DZH318Z0C1K20001,Azure App Service Free Plan - Linux - F1,81fcedaf-037f-4579-a70a-489ec221e86e,Azure for Students,Microsoft,,Microsoft,hojayega-rg,/subscriptions/81fcedaf-037f-4579-a70a-489ec221e86e/resourcegroups/hojayega-rg/providers/microsoft.web/sites/hojayega-api-v2,centralindia,IN Central,0,0.032256000000000014,1 Hour,Usage,USD,USD,0,0,0,0,0,1,09/01/2026,True,,,"{""AppServicePlanUri"":""/subscriptions/81fcedaf-037f-4579-a70a-489ec221e86e/resourcegroups/hojayega-rg/providers/microsoft.web/serverfarms/hojayega-plan-b1""}",,0,UsageBased,,,,OnDemand,0,,,,Azure
,,23daa3d2-aa92-586f-272b-48275276e77b,Sameer,ENPW-W6U2-BG7-PGB,Sameer Ali,8374da0f-43ff-4368-a294-2291e18a57a9,Sameer Ali,,,,,,10/01/2026,09/01/2026,09/09/2026,Storage,a6ef7f43-9e08-4534-c153-4ef8bc5a487d,Azure plan,Microsoft.Storage,64529af0-dc68-4c4f-a9c4-05e189bce930,Class 2 Operations,Storage,Queues v2,IN Central,DZH318Z0BNZ4004B,Queues v2 - LRS - IN Central,81fcedaf-037f-4579-a70a-489ec221e86e,Azure for Students,Microsoft,,Microsoft,FinOpsIQ,/subscriptions/81fcedaf-037f-4579-a70a-489ec221e86e/resourceGroups/FinOpsIQ/providers/Microsoft.Storage/storageAccounts/finopsiqstore4j951m,centralindia,IN Central,0.004,0.0002,10K,Usage,USD,USD,0.0000008,0.0000008,0.0000008,0.0000008,0.0000008,1,09/01/2026,True,,,,,0.004,UsageBased,,,,OnDemand,0.004,,,,Azure
,,23daa3d2-aa92-586f-272b-48275276e77b,Sameer,ENPW-W6U2-BG7-PGB,Sameer Ali,8374da0f-43ff-4368-a294-2291e18a57a9,Sameer Ali,,,,,,10/01/2026,09/01/2026,09/02/2026,Databases,a6ef7f43-9e08-4534-c153-4ef8bc5a487d,Azure plan,Microsoft.Sql,dd6b69d3-9be0-4a91-abff-2c58bbcafd1d,S0 DTUs - Free,SQL Database,SQL Database Single Standard,,DZH318Z0BQHF01MK,SQL Database Single Standard - S0,81fcedaf-037f-4579-a70a-489ec221e86e,Azure for Students,Microsoft,,Microsoft,rg-idp-pipeline-dev,/subscriptions/81FCEDAF-037F-4579-A70A-489EC221E86E/resourceGroups/rg-idp-pipeline-dev/providers/Microsoft.Sql/servers/sqlsrv-idp-pipeline-dev-gf9uc/databases/sqldb-idp-pipeline-invoices,centralindia,IN Central,0,0.9999999983999996,1/Day,Usage,USD,USD,0,0,0,0,0,1,09/01/2026,True,,,"{""ConsumptionMeter"":""ad4d0278-4c8f-4298-a99b-1952ec4440b9""}",,0,UsageBased,,,,OnDemand,0,,,,Azure
,,23daa3d2-aa92-586f-272b-48275276e77b,Sameer,ENPW-W6U2-BG7-PGB,Sameer Ali,8374da0f-43ff-4368-a294-2291e18a57a9,Sameer Ali,,,,,,10/01/2026,09/01/2026,09/04/2026,Databases,a6ef7f43-9e08-4534-c153-4ef8bc5a487d,Azure plan,microsoft.documentdb,4be20b1b-7130-5853-851a-4665a2c0cbcd,Data Stored,Azure Cosmos DB,Azure Cosmos DB,IN Central,DZH318Z0BPJH010G,Azure Cosmos DB - Free Tier - IN Central,81fcedaf-037f-4579-a70a-489ec221e86e,Azure for Students,Microsoft,,Microsoft,hojayega-rg,/subscriptions/81fcedaf-037f-4579-a70a-489ec221e86e/resourceGroups/hojayega-rg/providers/microsoft.documentdb/databaseaccounts/hojayega-db,centralindia,IN Central,0,0.000003465016682943,1 GB/Month,Usage,USD,USD,0,0,0,0,0,1,09/01/2026,True,,,"{""GlobalDatabaseAccountName"":""hojayega-db"",""CollectionName"":"""",""CollectionRid"":""8AR4AA=="",""DatabaseName"":""hojayega"",""UsageType"":""Storage"",""Region"":""Central India"",""IsColdTierContainer"":""false""}",,0,UsageBased,,,,OnDemand,0,,,,Azure
,,23daa3d2-aa92-586f-272b-48275276e77b,Sameer,ENPW-W6U2-BG7-PGB,Sameer Ali,8374da0f-43ff-4368-a294-2291e18a57a9,Sameer Ali,,,,,,10/01/2026,09/01/2026,09/04/2026,Databases,a6ef7f43-9e08-4534-c153-4ef8bc5a487d,Azure plan,microsoft.documentdb,7f36e57d-5b13-5235-b776-1e54d3417278,100 RU/s,Azure Cosmos DB,Azure Cosmos DB,IN Central,DZH318Z0BPJH010G,Azure Cosmos DB - Free Tier - IN Central,81fcedaf-037f-4579-a70a-489ec221e86e,Azure for Students,Microsoft,,Microsoft,hojayega-rg,/subscriptions/81fcedaf-037f-4579-a70a-489ec221e86e/resourceGroups/hojayega-rg/providers/microsoft.documentdb/databaseaccounts/hojayega-db,centralindia,IN Central,0,240,1/Hour,Usage,USD,USD,0,0,0,0,0,1,09/01/2026,True,,,"{""GlobalDatabaseAccountName"":""hojayega-db"",""CollectionName"":"""",""CollectionRid"":""8AR4AA=="",""DatabaseName"":""hojayega"",""UsageType"":""ProvisioningThroughput"",""Region"":""Central India""}",,0,UsageBased,,,,OnDemand,0,,,,Azure
,,23daa3d2-aa92-586f-272b-48275276e77b,Sameer,ENPW-W6U2-BG7-PGB,Sameer Ali,8374da0f-43ff-4368-a294-2291e18a57a9,Sameer Ali,,,,,,10/01/2026,09/01/2026,09/06/2026,Storage,a6ef7f43-9e08-4534-c153-4ef8bc5a487d,Azure plan,Microsoft.Compute,5909273e-c5d4-41c8-afba-506e73d33ece,E4 LRS Disk,Storage,Standard SSD Managed Disks,IN Central,DZH318Z0BP8800D7,Standard SSD Managed Disks - E4 LRS - IN Central,81fcedaf-037f-4579-a70a-489ec221e86e,Azure for Students,Microsoft,,Microsoft,DEVOPS,/subscriptions/81fcedaf-037f-4579-a70a-489ec221e86e/resourceGroups/DEVOPS/providers/Microsoft.Compute/disks/Subhan-DevOps_OsDisk_1_0a95fa147340450695f88c69134f5dfc,centralindia,IN Central,2.64,0.03333600000000001,1/Month,Usage,USD,USD,0.08800704,0.08800704,0.08800704,0.08800704,0.08800704,1,09/01/2026,True,,,,,2.64,UsageBased,,,,OnDemand,2.64,,,,Azure
,,23daa3d2-aa92-586f-272b-48275276e77b,Sameer,ENPW-W6U2-BG7-PGB,Sameer Ali,8374da0f-43ff-4368-a294-2291e18a57a9,Sameer Ali,,,,,,10/01/2026,09/01/2026,09/06/2026,Networking,a6ef7f43-9e08-4534-c153-4ef8bc5a487d,Azure plan,microsoft.network,9c150bf9-2bad-430e-a53c-c213804f49ef,Standard IPv4 Static Public IP,Virtual Network,IP Addresses,,DZH318Z0BNXN0033,IP Addresses - Standard IPv4,81fcedaf-037f-4579-a70a-489ec221e86e,Azure for Students,Microsoft,,Microsoft,sameer-testings,/subscriptions/81fcedaf-037f-4579-a70a-489ec221e86e/resourcegroups/sameer-testings/providers/microsoft.network/publicipaddresses/sameervm-ip,centralindia,IN Central,0.005,24,1 Hour,Usage,USD,USD,0.12,0.12,0.12,0.12,0.12,1,09/01/2026,True,,,,,0.005,UsageBased,,,,OnDemand,0.005,,,,Azure
,,23daa3d2-aa92-586f-272b-48275276e77b,Sameer,ENPW-W6U2-BG7-PGB,Sameer Ali,8374da0f-43ff-4368-a294-2291e18a57a9,Sameer Ali,,,,,,10/01/2026,09/01/2026,09/03/2026,Storage,a6ef7f43-9e08-4534-c153-4ef8bc5a487d,Azure plan,Microsoft.Storage,67a3a3fd-826f-42c1-8843-bffa14f0da13,Hot LRS Data Stored - Free,Storage,Blob Storage,,DZH318Z0BNZJ00GG,Blob Storage - Hot LRS,81fcedaf-037f-4579-a70a-489ec221e86e,Azure for Students,Microsoft,,Microsoft,hojayega-rg,/subscriptions/81fcedaf-037f-4579-a70a-489ec221e86e/resourceGroups/hojayega-rg/providers/Microsoft.Storage/storageAccounts/hojayegastore,centralindia,IN Central,0,0.000024,1 GB/Month,Usage,USD,USD,0,0,0,0,0,1,09/01/2026,True,,,"{""ConsumptionMeter"":""5c7a80d0-80f2-45f7-9135-4b4ac42adf49""}",,0,UsageBased,,,,OnDemand,0,,,,Azure
,,23daa3d2-aa92-586f-272b-48275276e77b,Sameer,ENPW-W6U2-BG7-PGB,Sameer Ali,8374da0f-43ff-4368-a294-2291e18a57a9,Sameer Ali,,,,,,10/01/2026,09/01/2026,09/03/2026,Storage,a6ef7f43-9e08-4534-c153-4ef8bc5a487d,Azure plan,Microsoft.Compute,5909273e-c5d4-41c8-afba-506e73d33ece,E4 LRS Disk,Storage,Standard SSD Managed Disks,IN Central,DZH318Z0BP8800D7,Standard SSD Managed Disks - E4 LRS - IN Central,81fcedaf-037f-4579-a70a-489ec221e86e,Azure for Students,Microsoft,,Microsoft,DEVOPS,/subscriptions/81fcedaf-037f-4579-a70a-489ec221e86e/resourceGroups/DEVOPS/providers/Microsoft.Compute/disks/Subhan-DevOps_OsDisk_1_0a95fa147340450695f88c69134f5dfc,centralindia,IN Central,2.64,0.03333600000000001,1/Month,Usage,USD,USD,0.08800704,0.08800704,0.08800704,0.08800704,0.08800704,1,09/01/2026,True,,,,,2.64,UsageBased,,,,OnDemand,2.64,,,,Azure
,,23daa3d2-aa92-586f-272b-48275276e77b,Sameer,ENPW-W6U2-BG7-PGB,Sameer Ali,8374da0f-43ff-4368-a294-2291e18a57a9,Sameer Ali,,,,,,10/01/2026,09/01/2026,09/08/2026,Storage,a6ef7f43-9e08-4534-c153-4ef8bc5a487d,Azure plan,Microsoft.Storage,67a3a3fd-826f-42c1-8843-bffa14f0da13,Hot LRS Data Stored - Free,Storage,Blob Storage,,DZH318Z0BNZJ00GG,Blob Storage - Hot LRS,81fcedaf-037f-4579-a70a-489ec221e86e,Azure for Students,Microsoft,,Microsoft,rg-idp-pipeline-dev,/subscriptions/81fcedaf-037f-4579-a70a-489ec221e86e/resourceGroups/rg-idp-pipeline-dev/providers/Microsoft.Storage/storageAccounts/stidpdevgf9uc,centralindia,IN Central,0,0.000624,1 GB/Month,Usage,USD,USD,0,0,0,0,0,1,09/01/2026,True,,,"{""ConsumptionMeter"":""5c7a80d0-80f2-45f7-9135-4b4ac42adf49""}",,0,UsageBased,,,,OnDemand,0,,,,Azure
,,23daa3d2-aa92-586f-272b-48275276e77b,Sameer,ENPW-W6U2-BG7-PGB,Sameer Ali,8374da0f-43ff-4368-a294-2291e18a57a9,Sameer Ali,,,,,,10/01/2026,09/01/2026,09/10/2026,Storage,a6ef7f43-9e08-4534-c153-4ef8bc5a487d,Azure plan,Microsoft.Compute,ed9e91d2-0f0c-4d55-b3dd-7f69d4708b22,P4 LRS Disk,Storage,Premium SSD Managed Disks,IN Central,DZH318Z0BP04003T,Premium SSD Managed Disks - P4 - IN Central,81fcedaf-037f-4579-a70a-489ec221e86e,Azure for Students,Microsoft,,Microsoft,SAMEER-TESTINGS,/subscriptions/81fcedaf-037f-4579-a70a-489ec221e86e/resourceGroups/SAMEER-TESTINGS/providers/Microsoft.Compute/disks/sameerVM_OsDisk_1_34496e81641c426abc951e9bda5e0a60,centralindia,IN Central,5.2795,0.03333600000000001,1/Month,Usage,USD,USD,0.175997412,0.175997412,0.175997412,0.175997412,0.175997412,1,09/01/2026,True,,,,,5.2795,UsageBased,,,,OnDemand,5.2795,,,,Azure
,,23daa3d2-aa92-586f-272b-48275276e77b,Sameer,ENPW-W6U2-BG7-PGB,Sameer Ali,8374da0f-43ff-4368-a294-2291e18a57a9,Sameer Ali,,,,,,10/01/2026,09/01/2026,09/10/2026,Storage,a6ef7f43-9e08-4534-c153-4ef8bc5a487d,Azure plan,Microsoft.Storage,67a3a3fd-826f-42c1-8843-bffa14f0da13,Hot LRS Data Stored - Free,Storage,Blob Storage,,DZH318Z0BNZJ00GG,Blob Storage - Hot LRS,81fcedaf-037f-4579-a70a-489ec221e86e,Azure for Students,Microsoft,,Microsoft,rg-idp-pipeline-dev,/subscriptions/81fcedaf-037f-4579-a70a-489ec221e86e/resourceGroups/rg-idp-pipeline-dev/providers/Microsoft.Storage/storageAccounts/stidpdevgf9uc,centralindia,IN Central,0,0.000624,1 GB/Month,Usage,USD,USD,0,0,0,0,0,1,09/01/2026,True,,,"{""ConsumptionMeter"":""5c7a80d0-80f2-45f7-9135-4b4ac42adf49""}",,0,UsageBased,,,,OnDemand,0,,,,Azure
